,feature/ exemplar ENGLISH,,anchovy,dolphin,trout,goldfish,shark,herring,squid,cod,carp,orca,eel,piranha,plaice,flatfish,sperm whale,ray,sardine,pike,stickleback,sole,whale,salmon,swordfish
feature / exemplar DUTCH,,freq,ansjovis,dolfijn,forel,goudvis,haai,haring,inktvis,kabeljauw,karper,orka,paling,piranha,pladijs,platvis,potvis,rog,sardine,snoek,stekelbaars,tong,walvis,zalm,zwaardvis
"""als sardines in een blik""",is used in the saying 'packed like sardines in a tin',7,1,0,0,0,0,0,0,0,0,0,0,0,0,0,0,0,4,0,0,0,0,0,0
8 armen,has eight arms,10,0,0,0,0,0,0,4,0,0,0,0,0,0,0,0,0,0,0,0,0,0,0,0
ademen onder water,breaths under water,5,4,1,3,3,2,3,3,3,3,1,3,3,3,3,2,3,3,3,3,3,2,3,3
africhtbaar,can be trained,12,0,4,0,0,1,0,0,0,0,4,0,0,0,0,0,0,0,0,0,0,1,0,0
als voedsel voor grotere dieren,is food for larger animals,8,4,0,1,2,0,3,2,2,1,0,1,1,1,1,0,1,4,1,1,1,0,2,0
bedreigde diersoort,endangered species,12,0,3,0,0,2,0,0,1,0,3,0,0,0,0,3,0,0,0,0,0,4,1,0
bekenste dolfijn is flipper,is the main character in 'Flipper',4,0,4,0,0,0,0,0,0,0,0,0,0,0,0,0,0,0,0,0,0,0,0,0
bijt,bites,5,0,1,0,0,4,0,1,0,1,3,0,2,0,0,1,0,0,1,1,0,2,0,1
blauw,is blue,5,1,3,1,0,2,2,0,1,0,0,0,0,1,0,0,0,1,0,1,1,2,1,2
blauwgrijs,is bluish grey,9,3,3,4,0,1,3,0,4,3,0,2,1,1,1,1,2,2,2,2,2,1,3,3
doet blub,produces blub-sound,9,2,1,3,3,1,2,1,2,2,1,1,2,2,2,1,1,2,3,2,2,1,3,1
dolfinarium,lives in a dolfinarium,4,0,4,0,0,0,0,0,0,0,2,0,0,0,0,0,0,0,0,0,0,0,0,0
duur,is expensive,8,0,2,1,0,3,0,3,0,0,1,1,0,0,0,0,2,0,1,0,1,2,4,0
een haring kan ook een piket zijn om u tent op te zetten,can also refer to a tent stake,7,0,0,0,0,0,4,0,0,0,0,0,0,0,0,0,0,0,0,0,0,0,0,0
eet mensen op,eats people,7,0,0,0,0,4,0,0,0,0,1,0,1,0,0,0,0,0,0,0,0,1,0,1
eet plankton,eats plankton,26,3,2,1,1,2,2,2,2,1,2,1,2,2,2,4,1,3,1,1,1,4,1,2
eet planten,eats plants,7,1,0,0,2,0,0,0,0,0,0,1,0,0,0,0,0,1,0,0,0,0,0,0
eet vis,eats fish,53,2,3,2,0,4,2,1,2,2,4,2,3,2,2,2,2,2,3,2,2,2,2,3
eet visvoer,eats food for fish,4,1,1,1,4,1,1,1,1,1,1,1,1,1,1,1,1,1,1,1,1,1,1,1
eet zeehonden,eats seals,5,0,0,0,0,3,0,0,0,0,2,0,1,0,0,0,0,0,0,0,0,0,0,0
er zijn verschillende soorten,there are many kinds of it,15,0,3,2,2,4,0,3,0,1,0,1,1,0,0,0,2,0,0,1,0,3,0,0
Free Willy,is a character in Free Willy,16,0,0,0,0,0,0,0,0,0,4,0,0,0,0,0,0,0,0,0,0,0,0,0
gegeten op feestmalen,is eaten on festive dinners,4,0,0,0,0,0,0,2,1,0,0,1,0,0,0,0,1,0,0,0,3,0,4,0
geliefd bij kinderen,is popular among children,4,0,4,0,4,0,0,0,0,0,3,0,0,0,0,1,0,0,0,0,0,3,0,0
gevaarlijk,is dangerous,35,0,0,0,0,4,0,1,0,0,2,0,2,0,0,1,1,0,0,0,0,2,0,2
gevaarlijk voor mensen,is dangerous to people,7,0,0,0,0,4,0,1,0,0,3,0,1,0,0,0,0,0,0,0,0,1,0,1
"graag gezien, geapprecieerd",is popular and appreciated,4,0,4,0,2,0,0,0,0,0,1,0,0,0,0,2,0,0,0,0,0,2,0,0
graten,has bones,39,4,2,4,4,2,4,1,4,4,3,3,4,4,3,3,4,4,4,4,4,2,4,4
grijs,is grey,71,3,4,4,0,3,4,2,4,3,0,2,2,4,4,4,3,3,3,3,2,2,3,4
heeft een indringende geur,has a pungent smell,6,2,2,3,2,2,3,3,3,3,2,3,2,3,3,2,2,4,3,3,3,2,3,3
heeft een puntige bek,has a pointed mouth,6,0,3,0,0,1,0,1,0,0,0,0,0,0,0,0,0,0,0,0,0,0,0,1
heeft een staart,has a tail,42,4,4,4,4,4,4,0,4,4,4,4,4,4,4,4,4,4,4,4,4,4,4,4
heeft grote bek,has a big bill,4,0,3,0,0,4,0,0,0,0,4,0,0,0,0,3,0,0,0,0,0,4,0,1
heeft grote ogen,has large eyes,5,0,0,0,0,1,0,4,0,0,1,0,0,0,0,1,0,0,0,0,0,1,0,0
heeft grote tanden,has large theeth,4,0,1,0,0,4,0,0,0,0,3,0,2,0,0,0,0,0,0,0,0,1,0,1
heeft kieuwen,has gills,117,4,0,4,4,3,4,1,4,4,3,4,4,4,4,2,4,4,4,4,4,0,4,3
heeft luchtgat,has an airhole,11,0,4,0,0,2,0,0,0,0,3,0,0,0,0,3,0,0,0,0,0,4,0,1
heeft mond,has a mouth,5,4,4,4,4,4,4,3,4,4,4,4,4,4,4,4,4,4,4,4,4,4,4,4
heeft ogen,has eyes,22,4,4,4,4,4,4,4,4,4,4,4,4,4,4,4,4,4,4,4,4,4,4,4
heeft scherpe tanden,has sharp teeth,24,0,1,1,0,4,0,0,0,1,3,1,3,0,0,0,0,1,2,1,0,1,1,3
heeft schubben,has scales,84,4,0,4,4,0,4,0,4,4,0,2,4,4,4,0,3,4,4,4,4,0,4,2
heeft stekels,has prickles,9,0,0,0,0,0,0,0,0,0,0,0,2,0,0,0,0,0,0,1,0,0,0,0
heeft tanden,has teeth,16,0,2,1,0,4,0,0,0,1,4,0,3,0,0,1,0,0,2,1,0,2,1,2
heeft tentakels,has tentacles,6,0,0,0,0,0,0,4,0,0,0,0,0,0,0,0,0,0,0,0,0,0,0,0
heeft vinnen,has fins,118,4,4,4,4,4,4,1,4,4,4,4,4,4,4,4,4,4,4,4,4,4,4,4
heeft zuignappen,has suckers,6,0,0,0,0,0,0,3,0,0,0,0,0,0,0,0,0,0,0,0,0,0,0,0
in aquarium,swims in aquariums,8,0,0,0,4,0,0,0,0,0,0,0,2,0,0,0,0,0,0,1,0,0,0,0
in rivieren,swims in rivers,10,0,0,3,0,0,1,0,0,3,0,3,1,0,0,0,0,0,3,2,0,0,4,0
in vijver,is found in a pond,12,1,0,2,3,0,1,0,1,4,0,3,2,1,1,0,1,1,3,4,1,0,1,0
is bruin,is brown,13,0,0,1,0,0,0,0,0,1,0,3,3,2,1,1,3,0,2,1,1,0,0,0
is donker van kleur,dark colour,11,1,0,1,0,3,1,2,2,2,3,3,4,4,4,3,4,3,3,2,2,2,1,3
is een delicatesse,is a delicacy,6,1,0,1,0,1,0,3,0,0,0,1,0,0,0,0,1,0,0,0,1,1,2,1
is een dier,is an animal,27,4,4,4,4,4,4,4,4,4,4,4,4,4,4,4,4,4,4,4,4,4,4,4
is een huisdier,is a pet,14,0,0,0,4,0,0,0,0,0,0,0,1,0,0,0,0,0,0,1,0,0,0,0
is een roofdier,is an animal of prey,15,0,1,0,0,4,0,1,0,0,1,0,2,0,0,0,0,0,2,1,0,0,0,2
is een vis,is a fish,273,4,2,4,4,4,4,2,4,4,3,4,4,4,4,2,4,4,4,4,4,2,4,4
is een vleeseter,is a carnivore,17,0,1,0,0,3,0,1,0,1,3,0,3,0,0,1,0,0,2,0,0,2,0,2
is eetbaar,is edible,147,4,1,4,1,2,4,4,4,3,1,4,2,4,4,2,3,4,2,2,4,2,4,2
is gevlekt,is specked,5,0,0,1,0,0,0,0,0,0,0,0,0,0,2,0,0,0,0,0,0,0,0,0
is gezond,is healthy,6,2,0,3,1,0,3,2,3,1,0,3,0,3,3,0,1,3,2,1,3,1,3,1
is glad,is smooth,22,4,3,4,4,2,4,4,4,4,3,4,3,4,4,3,4,4,4,4,4,3,4,3
is glibberig,is slippery,47,3,1,3,3,1,3,4,3,3,1,4,3,3,3,2,3,3,3,3,3,2,3,2
is goed gecamoufleerd,is well camouflaged,15,1,0,0,0,1,1,1,1,0,0,2,0,1,3,0,1,0,0,0,0,1,0,0
is groot,is big,100,0,4,1,0,4,0,1,0,1,4,0,0,1,1,4,2,0,2,0,0,4,0,2
is intelligent,is intelligent,16,0,4,0,0,3,0,0,0,0,3,0,0,0,0,2,0,0,0,0,0,2,0,1
is klein,is small,65,4,0,0,4,0,2,0,2,0,0,1,2,0,0,0,0,4,0,2,2,0,1,0
is lang,is long,11,0,3,0,0,4,0,0,0,0,2,3,0,0,0,4,0,0,1,0,0,4,0,1
is lekker,is tasty,69,4,0,4,0,0,4,3,3,1,0,2,0,2,1,0,2,4,0,1,3,0,4,0
is lelijk,is ugly,8,0,0,0,0,1,0,3,0,0,0,1,3,2,3,2,2,0,0,1,0,0,0,1
is moeilijk te vangen,is difficult to catch,6,1,2,2,1,2,1,1,1,3,2,3,1,1,1,2,2,1,3,1,1,1,2,1
is mooi,is beautiful,4,1,4,2,4,3,1,1,1,2,3,1,0,0,0,1,1,1,1,2,1,2,2,0
is niet duur,is not expensive,5,3,0,3,4,0,4,1,3,1,0,1,1,2,2,1,1,4,1,1,1,0,0,0
is niet gevaarlijk,is not dangerous,6,4,4,4,4,0,4,3,4,4,0,4,2,4,4,2,4,4,4,4,4,2,4,3
is oranje,is orange,15,0,0,0,4,0,0,0,0,0,0,0,1,0,0,0,0,0,0,1,0,0,2,0
is smal,is small,5,4,0,1,2,0,2,0,0,1,0,3,2,2,1,0,0,3,0,1,1,0,0,0
is snel,is fast,15,2,4,2,1,4,2,2,2,2,4,2,2,1,0,1,2,2,3,2,2,1,2,3
is spectaculair,is spectacular,4,0,3,0,0,4,0,2,0,0,4,0,1,0,0,3,0,0,0,0,0,4,0,2
is te vinden in de viswinkel,can be found in a fish shop,15,3,1,3,2,2,3,3,3,1,1,3,1,3,2,1,2,3,1,0,3,1,3,0
is wit,is white,24,0,1,0,0,0,0,2,1,0,1,0,0,0,0,1,0,0,0,0,1,1,0,0
jaagt mensen schrik aan,frightens people,10,0,0,0,0,4,0,2,0,0,3,0,2,0,0,1,0,0,1,0,0,1,0,1
kan gerookt worden,can be cured,7,0,0,4,0,0,2,0,1,0,0,1,0,0,0,0,0,1,0,0,1,0,4,0
kan in salade,can be used in a salad,5,3,0,1,0,0,4,2,0,0,0,0,0,0,0,0,0,2,0,0,0,0,3,0
kan je koken,you can boil it,6,0,0,2,0,0,1,3,2,0,0,2,0,2,1,0,1,0,1,0,2,0,2,0
kan je winnen op kermis,can be won at a fair,11,0,0,0,4,0,0,0,0,0,0,0,0,0,0,0,0,0,0,0,0,0,0,0
kan mensen doden,can kill people,5,0,0,0,0,4,0,0,0,0,4,0,0,0,0,2,0,0,0,0,0,3,0,2
kan verschillende kleuren hebben,can have different colors,7,0,1,1,3,2,0,1,1,1,1,1,1,0,0,0,0,0,0,2,0,2,2,0
kan worden gekweekt,can be bred,7,1,1,3,3,1,1,1,1,2,1,2,1,1,1,1,1,1,2,1,1,1,3,1
kan zwemmen,can swim,80,4,4,4,4,4,4,4,4,4,4,4,4,4,4,4,4,4,4,4,4,4,4,4
kleine en grote soorten,small and large kinds,8,0,1,1,1,4,1,4,1,1,1,1,1,1,1,1,1,0,1,1,1,3,1,1
komen soms voor in films,occasionally occurs in films,14,0,3,0,0,4,0,2,0,0,4,0,1,0,0,0,0,0,0,0,0,2,0,1
komt veel voor,occurs frequently,6,4,4,4,4,3,4,3,4,3,1,4,2,4,4,0,3,4,3,3,3,0,4,2
lange snuit i.d. vorm v. zwaard,has a long nose in the shape of a sword,8,0,0,0,0,0,0,0,0,0,0,0,0,0,0,1,0,0,0,0,0,0,0,4
leeft in de oceaan,lives in the ocean,28,4,4,1,1,4,4,4,3,1,4,2,2,4,4,4,4,4,1,2,4,4,2,4
leeft in de zee,lives in the sea,158,4,4,1,1,4,4,4,4,2,4,3,2,4,4,4,4,4,2,3,4,4,2,4
leeft in de zoo,lives in the zoo,4,0,4,1,1,1,1,2,1,1,1,1,3,1,1,0,3,0,1,1,1,0,1,1
leeft in groep,herds,46,4,4,3,1,2,4,1,4,3,3,2,4,2,2,4,2,4,2,4,4,4,4,3
leeft in Noordzee,lives in the North Sea,9,2,0,2,1,1,4,1,4,1,0,2,1,4,4,2,2,3,1,2,3,1,1,0
leeft in tropische waters,lives in tropical waters,11,0,1,0,0,2,0,1,0,0,2,0,2,0,0,1,0,0,0,0,0,2,0,0
leeft in water,lives in water,119,4,4,4,4,4,4,4,4,4,4,4,4,4,4,4,4,4,4,4,4,4,4,4
leeft in zoet water,is a freshwater fish,41,1,0,4,3,0,1,0,1,4,0,2,3,1,1,0,1,1,4,3,1,0,4,0
leeft in zout water,is a salt-water fish,20,4,4,1,1,4,4,4,4,1,4,2,2,4,4,4,4,4,1,2,4,4,2,4
leeft niet in Belgi�,does not live in Belgium,5,2,3,0,1,4,0,3,0,0,4,0,3,0,0,2,0,0,0,0,1,3,2,3
leeft niet in groep,doesn't herd,4,0,0,1,2,2,1,2,1,2,1,2,1,1,2,0,2,0,2,2,1,0,0,2
leeft niet op het land,doesn't live on land,12,4,4,4,4,4,4,4,4,4,4,4,4,4,4,4,4,4,4,4,4,4,4,4
legt eieren,lays eggs,35,4,0,4,4,2,4,4,4,4,0,4,4,4,3,1,4,4,4,4,4,0,4,3
ligt op bodem,lies on the sea-floor,8,0,0,0,0,0,0,1,0,0,0,0,0,1,3,0,1,0,0,0,0,0,0,0
ligt op pizza,is used on pizza's,11,3,0,0,0,0,0,3,0,0,0,0,0,0,0,0,0,1,0,0,0,0,1,0
lijkt op een slang,looks like a snake,9,0,0,0,0,0,0,0,0,0,0,4,0,0,0,0,0,0,0,0,0,0,0,0
log,cumbersome,4,0,0,0,0,2,0,0,0,0,3,0,0,0,0,4,0,0,0,0,0,4,0,1
maakt geen geluid,doesn't make a sound,13,4,0,4,4,4,4,4,4,4,2,4,4,4,4,1,4,4,4,4,4,1,4,4
maakt geluid,makes a sound,17,0,4,0,0,0,0,0,0,0,2,0,0,0,0,2,0,0,0,0,0,3,0,0
moet boven water komen om lucht te happen,comes up to the surface for air,7,0,4,0,0,2,0,0,0,0,3,0,0,0,0,3,0,0,0,0,0,4,0,1
niet lekker,does not taste well,22,0,3,0,3,3,0,1,1,1,3,1,3,1,1,3,1,0,3,2,1,3,0,3
ook wel aal genoemd,is also referred to as eel,4,0,0,0,0,0,0,0,0,0,0,4,0,0,0,0,0,0,0,0,0,0,0,0
ovale vorm,has an oval shape,4,1,0,1,1,1,1,0,1,1,1,0,1,4,2,0,0,1,0,1,2,0,1,0
paling in 't groen,is used in stewed eels in chervil sauce,16,0,0,0,0,0,0,0,0,0,0,4,0,0,0,0,0,0,0,0,0,0,0,0
plat,is flat,58,2,0,1,1,0,2,0,0,0,0,0,2,4,4,0,2,2,0,1,3,0,0,0
roze,is pink,16,0,0,1,1,0,0,2,0,0,0,0,0,0,0,0,0,0,0,0,0,0,3,0
ruikt bloed,smells blood,7,0,0,0,0,4,0,0,0,0,1,0,0,0,0,0,0,0,0,0,0,1,0,1
ruikt niet lekker,does not smell well,4,3,3,4,3,3,3,3,4,3,3,3,3,3,3,3,3,3,3,3,3,3,3,3
smaakt zout,tastes salty,19,2,0,0,0,0,1,0,0,0,0,1,0,0,0,0,0,1,0,0,0,0,0,0
soort walvis,is a type of whale,10,0,0,0,0,0,0,0,0,0,2,0,0,0,0,3,0,0,0,0,0,2,0,0
speelt hoofdrol in 'Jaws',is the main character in 'Jaws',5,0,0,0,0,4,0,0,0,0,0,0,0,0,0,0,0,0,0,0,0,0,0,0
spoelt soms aan op het strand,occasionally washes ashore,14,0,2,0,0,1,0,0,0,0,1,0,0,0,0,4,0,0,0,0,0,3,0,0
springen in water,jumps in the water,6,0,4,0,1,0,0,0,0,0,3,0,0,0,0,2,0,0,0,0,0,4,2,2
spuit inkt,squirts ink,15,0,0,0,0,0,0,4,0,0,0,0,0,0,0,0,0,0,0,0,0,0,0,0
spuwt water uit zijn spuitgat,squirts water through an airhole,14,0,4,0,0,0,0,0,0,0,3,0,0,0,0,3,0,0,0,0,0,4,0,0
stinkt,stinks,25,3,3,4,3,3,3,3,4,3,3,3,3,3,3,3,3,3,3,3,3,3,3,3
verkopen ze op de markt,is sold at the market,6,4,0,4,3,0,4,4,4,1,0,4,0,4,3,0,3,4,2,1,4,0,4,1
verschillende bereidingswijzen,can be cooked in different ways,14,4,0,4,0,2,4,4,4,1,0,4,0,4,2,0,3,4,2,1,4,0,4,1
verstopt zich gemakkelijk,hides easily,4,0,0,0,0,0,0,1,0,0,0,1,0,1,2,0,1,0,0,0,0,0,0,0
vettig,is greasy,6,2,0,0,0,0,1,1,0,0,0,2,0,0,0,0,0,2,0,0,1,0,3,0
vin op de rug,has a fin on its back,14,1,3,2,2,4,2,0,2,2,3,1,2,2,2,0,0,2,2,2,2,1,2,2
voorgerecht,is eaten as first-course,4,4,0,2,0,0,2,3,1,0,0,2,0,1,1,0,0,2,0,0,3,0,4,0
vriendelijk,is friendly,7,0,4,0,1,0,0,0,0,0,0,0,0,0,0,2,0,0,0,0,0,2,0,0
worden opgelegd in olie,is tinned in oil,8,4,0,0,0,0,0,1,0,0,0,0,0,0,0,0,0,3,0,0,0,0,1,0
wordt gebakken klaargemaakt,is baked,6,2,0,4,0,0,1,3,2,0,0,3,0,3,2,0,2,2,1,1,4,0,3,1
wordt gebruikt in shows,is used in shows,4,0,4,0,0,1,0,0,0,0,3,0,0,0,0,0,0,0,0,0,0,0,0,0
wordt gegeten in tomatensaus,is eaten with tomato sauce,5,2,0,0,0,0,0,0,0,0,0,0,0,0,0,0,0,3,0,0,0,0,1,0
wordt gepekeld,is pickled,5,2,0,0,0,0,4,0,0,0,0,0,0,0,0,0,0,2,0,0,0,0,0,0
wordt geserveerd als inktvisringen,is served as rings from cephalopod,4,0,0,0,0,0,0,4,0,0,0,0,0,0,0,0,0,0,0,0,0,0,0,0
wordt geserveerd in een restaurant,is served in a restaurant,9,3,0,4,0,2,4,4,4,1,0,4,0,4,2,0,3,4,1,1,4,0,4,1
wordt levertraan van gemaakt,is used to make cod-liver oil,4,0,0,0,0,0,0,0,0,0,0,0,0,0,0,0,0,0,0,0,0,4,0,0
wordt niet opgegeten,is not eaten,6,0,4,0,3,2,0,0,0,2,3,0,3,0,0,4,1,0,1,2,0,3,0,3
wordt op gejaagd,is hunted,16,2,1,2,0,3,2,2,2,2,2,2,1,2,2,3,2,2,2,2,2,4,2,2
wordt op gevist,is fished for,89,4,1,4,1,3,4,4,4,4,1,4,1,4,4,1,4,4,4,4,4,4,4,3
zandkleur,is sandy-coloured,5,0,0,0,0,0,0,1,0,0,0,2,0,0,2,0,2,0,0,0,1,0,0,0
ze communiceren met elkaar,communicates with its congeners,9,1,4,1,1,3,1,1,1,1,3,1,1,1,1,4,1,1,1,1,1,4,1,1
zilver,is silvery,11,3,4,4,0,1,4,0,3,2,0,1,1,1,1,1,1,3,2,2,1,1,2,2
zit in blik,is tinned,24,4,0,0,0,0,2,0,0,0,0,0,0,0,0,0,0,4,0,0,0,0,3,0
zoogdier,mammal,50,0,4,0,0,0,0,0,0,0,2,0,0,0,0,2,0,0,0,0,0,4,0,0
zwaar,heavy,16,0,3,0,0,4,0,0,1,1,4,0,0,0,0,4,0,0,1,0,0,4,1,3
zwart,is black,11,0,0,0,0,1,0,1,0,0,4,0,0,0,0,1,0,0,0,0,0,2,0,1
zwart met wit,is black and white,15,0,0,0,0,1,0,0,0,0,4,0,0,0,0,0,0,0,0,0,0,1,0,0
zwemt in bokaal,swims in a bowl ,19,0,0,0,4,0,0,0,0,0,0,0,1,0,0,0,0,0,0,1,0,0,0,0
zwemt stroomopwaarts om eitjes te leggen,swims upstream to lay eggs,6,0,0,2,0,0,0,0,0,0,0,0,0,0,0,0,0,0,0,0,0,0,3,0
