behoort tot bedrijf,is part of a company,-1,-2,1,-2,1,0,-2,2,-3,-2,-1,-3
behoort tot openbaar vervoer,is a kind of public transport,2,-2,2,3,2,-2,-2,1,0,2,2,1
bestaat al lang,has been existing for a long time,0,3,-2,-3,1,3,1,0,-3,-3,3,-2
bestaat in verschillende formaten,exists in different measurements,3,3,0,1,1,1,2,-1,2,2,3,2
bestaat in verschillende kleuren,exists in different colors,3,3,-2,3,0,2,1,-2,0,2,3,3
bestaat in verschillende kleuren en verschillende vormen,exists in different colors and different forms,3,3,-1,1,0,1,1,-3,2,-3,3,3
bestaat in verschillende merken,exists in different brands,3,3,-3,-3,-3,3,1,-1,2,-3,3,3
bestaat in verschillende modellen,exists in different types,2,3,0,1,1,1,1,-2,2,2,3,2
bestaat in verschillende soorten,exists in different kinds,3,3,0,3,0,3,1,-1,3,2,3,3
bestaat in verschillende vormen,exists in different forms,3,3,0,3,1,1,2,-1,2,-3,3,3
bestuurder draagt helm,the driver wears a helmet,1,-3,1,-1,1,1,0,2,-3,0,1,0
bestuurder draagt leren kleding,the driver wears leather clothes,-3,-3,0,-1,-3,0,-3,3,-3,-3,-2,-3
bestuurder is zwakke weggebruiker,the driver is very vulnerable on the road,-1,1,2,1,2,1,-2,3,-3,2,-1,-3
chauffeurs zitten lange tijd achter stuur,the driver of this vehicle is behind the wheel for a very long time,-2,1,2,-2,2,3,-1,2,-2,2,-2,-3
dient om mee te rijden,is used to drive,3,-1,-2,2,2,3,2,0,3,3,3,2
drijft op water,floats on water,-1,-1,3,1,1,-2,-1,2,-2,-1,2,1
er is veel plaats in,there is a lot of space in it,1,1,0,1,0,1,1,1,-3,3,-1,0
er is weinig plaats,there is not much space,-3,2,-1,1,-1,1,-1,1,-3,-1,3,1
er komt rook uit,emits smoke,0,-2,0,1,0,1,1,1,-3,0,2,-2
er komt vuur uit onderaan,emits fire at the bottom,-3,-2,1,1,2,-2,-2,2,-3,-3,-2,-3
er staat reclame op,there is advertising on it,-2,-3,-2,-2,-2,0,0,1,-3,-3,-1,-2
gaat snel,goes fast,2,3,1,2,-1,1,2,2,0,2,3,2
gaat tot op grote diepte,goes down to great depth,-3,-1,2,2,1,2,-1,3,-3,-3,2,-3
gaat traag,goes slow,-1,-3,-2,1,1,-2,-1,0,0,-2,1,0
gebruikt door de kerstman,used by Santa,-3,-3,1,-2,0,-3,-1,2,-3,2,2,-3
gebruikt door mannen,used by men,-1,-3,-1,-2,-2,1,-1,0,-3,-3,-2,1
gemaakt uit hout,made of wood,-3,-3,2,0,1,1,-1,1,-2,-3,0,-2
gemaakt uit metaal,made of metal,2,1,0,1,1,1,1,0,1,0,3,3
glijdt op sneeuw,slides on snow,-2,-3,2,1,1,2,-1,2,0,-2,2,-3
glijdt van helling,slides from slope,-3,-3,2,2,1,1,-1,2,-3,1,-1,-3
Harley Davidson is een merk,Harley Davidson is a brand,2,-3,2,-2,0,1,2,3,-3,-3,2,-3
heeft 1ste en 2de klasse,has first and second class,-3,-2,2,-2,0,1,0,2,-2,2,1,0
heeft 2 of 4 wielen,has 2 or 4 wheels,3,1,1,1,1,1,0,1,-2,3,2,2
heeft 2 wielen,has 2 wheels,2,-1,3,2,1,-2,-3,1,-1,1,2,1
heeft 4 wielen,has 4 wheels,2,-1,3,0,1,2,0,2,-1,3,-2,1
heeft 4x4 aandrijving,has 4x4 drive,0,-3,-2,1,-2,-2,-1,2,-3,-3,0,-3
heeft aanhangwagen,has a trailer,-2,-1,1,1,1,0,-1,1,-3,-3,-1,-3
heeft automatische deuren,has automatic doors,-1,-2,0,-2,-2,-2,0,0,-3,1,-1,-2
heeft banden,has tires,3,-1,2,0,2,1,0,0,2,3,3,2
heeft benzinegeur,has smell of gasoline,1,2,-2,-1,1,1,-1,1,-1,0,3,0
heeft deuren,has doors,3,-1,2,-1,1,1,2,1,-3,2,1,2
heeft dikke banden,has thick tires,-2,-1,1,-2,1,2,-1,1,-1,-2,3,-1
heeft een anker,has an anchor,-3,-1,1,-2,1,1,-1,3,-3,-3,0,-3
heeft een bed,has a bed,-3,-3,1,1,1,0,-1,2,-3,-2,-2,-2
heeft een bel,has a bell,1,-3,0,-3,1,1,0,1,-3,0,3,1
heeft een bordje 'TAXI' op auto,has a 'TAXI' plate on car,-1,-2,3,3,1,1,-3,3,-2,-3,-1,-3
heeft een brander,has a burner,-3,-1,1,1,2,-2,-1,0,-3,-3,1,-3
heeft een cabine,has a cabin,-3,-1,0,0,1,1,-1,1,1,-3,-1,0
heeft een chauffeur,has a driver,3,3,2,3,1,3,2,2,3,3,2,1
heeft een claxon,has a horn,2,-3,0,-2,1,1,1,1,-3,3,3,1
heeft een conducteur,has a conductor,1,-3,2,-1,2,0,-1,3,-3,2,-2,-2
heeft een dak of geen dak,has a roof or no roof,1,3,0,2,0,1,0,-1,-3,2,3,3
heeft een dode hoek,has a dead corner,0,1,0,-2,3,0,-1,2,-3,-3,3,0
heeft een donkere kleur,has a dark color,2,-3,-2,-2,0,1,0,-3,-3,-1,3,-3
heeft een groot vermogen,has great power,-2,1,-1,-2,1,1,1,1,-1,-3,2,0
heeft een keuken,has a kitchen,-2,-3,0,1,1,1,-1,3,-3,-3,-3,-2
heeft een laadruimte,has a loading space,2,3,2,0,2,2,1,1,-2,-1,2,1
heeft een mand,has a basket,-3,-2,-2,1,1,0,-1,1,-3,-3,-2,-3
heeft een motor,has a motor,3,3,3,1,1,3,2,0,1,3,2,2
heeft een opvallende kleur,has a striking color,0,1,-2,-2,-2,1,-2,-3,-3,-3,1,-3
heeft een periscoop,has a periscope,-3,-1,-1,-3,2,-3,-2,3,-3,-3,-3,-3
heeft een rem,has a brake,3,1,0,0,1,1,2,1,-3,3,3,3
heeft een rem achteraan,has a brake in the back,0,-2,0,1,1,2,-1,-1,-3,2,-1,-3
heeft een reservewiel achteraan,has a spare wheel in the back,-1,-1,-1,-2,0,-3,-1,1,-3,2,2,-1
heeft een rieten mand,has a wicker basket,-3,-3,-1,1,1,1,-2,2,-3,-3,-3,-3
heeft een roer,has a helm,0,-1,2,-1,2,1,-2,3,-3,-1,2,-2
heeft een slaapplaats,has a place to sleep,0,-1,3,1,1,2,-2,3,-2,-2,-2,-2
heeft een snelheidsbeperking,has a speed restriction,1,3,1,1,2,3,2,1,1,2,3,-1
heeft een staart,has a tail,-3,1,0,-3,-1,-3,-2,2,-2,-3,2,-2
heeft een stuur,has a steering wheel,3,3,1,1,1,3,2,-2,3,3,3,3
heeft een tachograaf,has a tachometer,-3,-1,0,-2,1,0,-1,3,-3,-3,-3,-3
heeft een zadel,has a saddle,1,-1,1,2,1,1,-1,2,-3,1,0,1
heeft een zeil,has a sail,-2,-2,2,2,1,-3,-1,3,-3,-3,1,-2
heeft een zware motor,has a heavy engine,-1,-1,1,-1,-1,1,0,1,-2,-3,-2,-1
heeft elektrische leidingen bovenaan,has electrical wiring on the top,-1,-2,-1,-2,1,0,-1,3,-3,2,2,-1
heeft felle kleuren,has bright colors,1,3,-3,-2,-3,-2,0,-1,-3,-2,1,0
heeft geen dak,has no roof,1,-3,1,2,1,0,-3,1,-3,-2,-1,-2
heeft geen motor,has no engine,-3,-1,3,1,2,0,-2,2,-2,2,0,1
heeft grote banden,has big tires,0,0,2,-2,1,1,0,2,-2,-3,3,0
heeft grote wielen,has big wheeles,-1,-2,2,-2,1,-1,-1,1,-2,1,2,0
heeft ijzer onderaan,has iron on the bottom,1,2,0,-1,1,-3,1,-1,-3,-3,1,-1
heeft kleine ramen,has small windows,-1,-2,1,1,1,-2,-2,1,-2,-1,-2,-1
heeft kleine wielen,has small wheels,-1,-1,1,1,1,1,-1,1,-2,-3,-2,1
heeft lichten,has lights,2,3,1,1,1,3,2,0,3,3,3,3
heeft meestal een cruise-control-systeem (automatische piloot),usually has a cruise control system (auto-pilot),-3,-2,0,0,-2,-3,-1,3,-1,-3,-2,-3
heeft minstens 4 wielen,has at least 4 wheels,-1,-3,1,-1,1,2,-1,1,-3,2,-3,-3
heeft palen om je vast te houden,has poles to hold on to,-3,-3,0,1,-2,1,-3,1,-3,2,2,-3
heeft pedalen,has pedals,-1,-1,2,1,2,1,-1,3,-3,2,1,0
heeft propeller,has a propellor,-3,-1,2,-2,2,-2,-1,3,-2,-3,0,-2
heeft ramen,has windows,2,-1,2,2,0,-1,2,-1,-3,3,2,1
heeft rokers- en niet-rokersruimtes,has a smoking and non-smoking space,-2,-1,-2,-2,0,-3,-1,2,-2,-1,-2,-1
heeft schuifdeuren,has a sliding door,-2,-2,0,-2,0,-3,-2,1,-3,-1,-3,0
heeft stinkende uitlaatgassen,has stinking fumes,1,1,-3,-1,2,3,1,0,-3,-2,2,1
heeft versnellingen,has gears,2,2,1,-1,0,1,2,0,-2,3,3,2
heeft vleugels,has wings,-2,-2,3,3,2,0,1,3,-3,-3,1,0
heeft voorrang in het verkeer,has priority (right of way) in traffic,1,-1,1,2,3,0,-1,2,-3,-3,3,-3
heeft wagons,has wagons,-1,-2,2,1,2,0,0,2,-3,2,2,0
heeft wielen,has wheels,3,1,3,-1,2,3,2,0,2,3,3,3
heeft zandzakjes,has sandbags,-3,-3,0,-2,0,2,-2,0,-3,-3,-2,-3
heeft zitjes,has seats,2,3,1,2,0,1,2,0,3,2,3,1
helm dragen is verplicht,wearing a helmet is obligatory,0,-1,2,1,2,1,-2,2,-1,0,3,-1
het gebruiken geeft een kick,using it gives you a kick,0,-1,-3,0,-3,2,0,1,-3,2,-3,-2
het gebruiken is leuk,using it is fun,0,1,-2,-2,-3,-2,0,1,0,1,3,0
het is er druk,is busy,1,-2,-2,2,0,1,-1,2,-3,1,2,0
het is er meestal warm in,is often hot inside,1,1,-2,2,-3,1,-2,0,0,1,1,-2
het is in de mode,in in style,-1,-1,-3,-1,-3,3,0,0,-3,-1,3,-3
het is moeilijk om het te leren gebruiken,is hard to learn to use it,-1,1,-2,1,-2,0,-1,1,0,-2,3,-1
het oogt stoer,looks tough,-3,-2,-3,-1,-2,1,1,2,-2,-2,-2,-3
het weegt veel,weighs much,2,1,0,-2,0,2,1,-1,0,1,-1,1
is bedrukt met de naam van bedrijf,has the name of a company printed on it,-3,-3,0,-2,0,-2,-1,2,-3,-3,-3,-2
is bemand,is manned,2,3,1,2,1,3,-2,-1,3,2,3,3
is bruin,is brown,-3,-1,-3,-3,0,-1,-2,-3,-3,-3,-3,-2
is comfortabel,is comfortable,2,1,-1,1,1,2,0,0,0,2,2,1
is cool,is cool,-1,-2,-2,-2,-3,3,0,1,-3,1,-1,-3
is duur,is expensive,1,3,-2,2,-3,3,1,0,-2,-3,1,1
is een auto,is a car,3,-2,2,3,2,3,0,3,-2,3,3,1
is een boot,is a boat,0,-2,2,2,2,2,-2,3,-3,-2,3,0
is een gemotoriseerde fiets,is a motorized bicycle,1,-3,1,1,1,0,0,3,-3,1,2,-3
is een huis op wielen,is a house on wheels,-1,-3,1,2,2,-3,-1,3,-3,-2,2,-2
is een huisje,is a little house,-1,-2,-1,1,2,-3,-1,3,-3,-2,-2,-3
is een plank,is a board,-3,-3,2,1,1,2,-2,3,-3,-3,-2,-3
is een plank op wielen,is a board on wheels,-3,-3,1,1,2,1,-1,3,-3,-3,1,-3
is een synoniem voor ar,is a synonym for horse-sleigh,-3,-1,1,3,2,-3,-2,3,-3,-3,2,-3
is een technologische hoogstandje,is a technological tour de force,1,-1,-1,2,-1,3,2,1,0,-3,-1,-1
is een transportmiddel,is a means of transportation,3,3,3,2,3,3,2,-3,3,3,3,2
is een transportmiddel op water,is a verhicle on water,0,-1,3,2,1,1,-1,3,-2,-2,3,1
is een tv-programma,is a television programme,-3,-3,-1,-3,-3,-3,-2,1,-3,-3,-3,-3
is een voertuig,is a vehicle,3,3,2,3,3,2,2,-2,3,3,3,3
is een vrachtwagen,is a lorry,2,-1,2,1,1,1,-2,3,-1,1,2,-1
is een wagen,is a car,3,-1,2,2,2,2,0,2,-1,2,0,1
is geel,is yellow,-3,-3,-3,-3,-3,1,-1,-3,-3,-3,-2,-3
is geliefd bij Nederlanders,is popular in the Netherlands,1,-3,-3,-2,1,-3,0,1,-3,0,2,-3
is gemaakt van hout of metaal,is made of wood or metal,-3,2,2,-1,0,1,1,1,1,-3,2,1
is gemaakt van staal,is made of steel,1,3,0,-2,1,1,1,-2,1,0,3,0
is geschilderd,is painted,-3,0,-3,-2,0,1,-1,-2,-3,-3,-2,0
is gevaarlijk,is dangerous,1,2,-3,0,2,3,1,0,1,-3,3,1
is gevaarlijk in het verkeer,is dangerous in traffic,1,3,-2,1,3,3,2,1,-3,1,3,1
is gevuld met hete lucht,is filled with hot air,-2,-3,2,2,2,1,-1,3,-3,-3,3,-3
is gezellig,is pleasant,1,1,-3,1,-1,1,0,0,-3,3,2,-1
is goedkoop,is cheap,-1,-2,-2,0,2,0,0,0,-3,2,-2,0
is grijs,is grey,-1,-3,-3,-3,-1,1,-1,0,-3,-3,-2,0
is groen,is green,0,-3,-3,-2,-3,0,-3,-3,-3,-1,-1,-3
is groot,is big,1,1,-1,-1,0,2,1,-1,0,2,1,0
is groot en zwaar,is big and heavy,1,-2,0,2,0,3,0,1,0,-2,2,0
is groot of klein,is big or small,2,3,-2,3,0,3,0,1,0,-3,2,3
is groter dan een auto,is bigger than a car,1,-1,1,0,1,0,0,1,-3,-1,-2,-3
is handig,comes in very handy,2,1,-2,1,0,1,1,0,2,3,3,2
is handig om files te vermijden,comes in very handy when trying to avoid a traffic jam,-2,-1,-3,0,2,-3,-1,1,-3,-1,3,-3
is hoog,is tall,-3,-1,1,-3,-1,1,-1,0,-3,-2,3,-3
is klein,is small,-2,-3,0,1,0,0,0,0,-3,1,2,-3
is kleiner dan een vrachtwagen,is smaller than a lorry,-1,-1,1,-1,1,0,0,1,-3,1,2,-2
is lang,is long,-3,-1,0,-2,0,3,0,0,-3,-2,2,-2
is langwerpig,is elongated,-1,2,-3,-2,0,1,0,1,-3,-3,3,-1
is milieuvervuilend,is polluting,1,1,-3,0,3,1,2,-1,-2,1,2,2
is milieuvriendelijk,is environmentally friendly,-2,-2,-1,1,3,-3,-2,2,-2,-2,-2,1
is moeilijk te besturen,is hard to drive,0,1,-2,0,1,2,-1,1,-2,0,-2,0
is mooi,is beautiful,0,-1,-3,-1,-2,0,0,-3,-3,2,2,0
is ontspannend,is relaxing,1,-1,-2,1,-1,-2,-1,1,-3,3,-1,-2
is ovaal,is oval,-3,-2,0,-2,0,0,-1,2,-3,-3,-2,-3
is rechthoekig,is rectangular,-2,-3,-1,-1,1,1,0,-2,-3,-3,3,-1
is romantisch,is romantic,-3,-3,-2,-3,-3,-3,-1,1,-3,1,-3,-2
is sneller dan een fiets,is faster than a bycicle,1,0,0,-1,1,3,-2,1,-3,2,2,0
is speelgoed,is a toy,-2,1,0,2,1,2,-2,1,-3,1,-1,-2
is stevig,is firm,1,2,-2,2,1,2,1,0,3,3,3,1
is trager dan een auto,is slower than a car,-1,-1,0,2,1,1,-1,0,-3,2,2,0
is vaak te laat,is often belated,-3,-1,-3,2,0,0,-1,1,-3,-1,2,-2
is van Amerikaanse oorsprong,is of American origin,-1,-2,-1,-3,-3,-3,0,0,-3,-3,-3,-3
is van De Lijn,belongs to De lijn (public transportation firm in Flanders),-1,-3,2,-3,1,-3,0,3,-3,2,3,-1
is van ijzer,is made of iron,2,3,0,1,1,-2,1,0,1,2,3,1
is vermoeiend om te gebruiken,is tiring to use,-1,-2,-1,2,0,1,-1,1,-3,-1,-2,1
is voor 1 persoon,is for 1 person,0,-2,1,2,1,1,-1,2,0,0,2,1
is voor 2 personen,is for 2 people,1,-1,1,1,2,1,-1,1,-2,-1,-2,0
is voor het plezier,is for fun,1,1,0,-2,-1,1,-1,1,-3,3,2,0
is voor meerdere personen,is for multiple persons,2,0,1,2,1,2,1,1,1,3,2,1
is voor minstens 1 persoon,is for at least 1 person,2,3,-3,2,-3,3,2,1,3,2,3,3
is voor weinig personen,is for few persons,-1,-2,0,-1,1,0,-1,1,-3,-2,-3,0
is vuil,is dirty,-1,-3,-3,-3,-2,-3,-1,-1,-3,-3,3,-3
is wit,is white,-3,-3,-3,-3,-3,1,-2,-3,-3,-3,-2,-3
is zwaar,is heavy,2,1,0,-2,0,1,1,-2,-1,3,2,0
is zwart,is black,1,-2,0,-3,0,0,-1,-3,-3,-3,-3,0
je kan er iemand mee doden,you can kill someone with it,1,3,-2,-1,3,3,1,0,1,2,3,-1
je kan er kunstjes mee doen,you can do tricks with it,-2,-2,1,-1,1,0,1,2,-3,-3,3,-2
je kan er mee vallen,you can fall with it,0,1,-3,-1,0,2,-3,2,-1,-2,3,-2
je kan er ziek op worden,you can get sick on it,1,-1,-1,-1,-2,3,1,3,1,2,2,-3
je kan erin wonen,you can live in it,-2,-1,2,2,2,2,-1,2,-2,-2,-2,-2
je kan het bestellen door ernaar te bellen,you can order it by calling it,-3,-3,1,2,-2,1,-1,2,-3,-1,0,-2
je kan je ermee verwonden,you can get injured by it,1,3,-3,-1,2,3,1,0,-1,-3,3,-1
je moet ervoor betalen,you have to pay for it,1,-2,-1,2,2,1,2,1,-3,-1,3,1
je moet met 1 voet afduwen om vooruit te komen,you have to push with 1 foot to get ahead,-2,-3,2,1,1,0,-1,3,-3,2,2,-3
je moet niet trappen,you don't have to peddle,-1,1,1,1,-2,1,-2,1,-3,1,2,1
je moet rechtstaan,you have to stand up,-2,-1,0,2,0,2,-1,1,-2,1,-2,-2
je moet trappen,you have to peddle,1,0,2,2,1,1,-1,3,-2,1,2,1
je moet zitten,you have to sit,2,2,1,2,1,2,-2,1,2,3,3,2
je rijdt ermee op het fietspad,you ride it on the cycle path,-1,-3,2,-1,1,1,-1,2,-3,2,2,-1
je staat met 1 been op de plank,you're standing with 1 leg on the board,-3,-3,1,2,1,1,-1,3,-3,-2,-3,-3
je ziet het in Brugge,you can see it in Bruge,-3,-3,-3,-2,0,-3,2,-1,-3,-3,3,-3
je ziet het in de zee,you can see it in the sea,-3,-1,1,2,1,2,1,2,-2,-3,1,0
je ziet het in grootsteden,you can see it in big cities,1,1,0,-2,0,3,1,1,1,1,3,0
je ziet het niet vaak,you don't see it frequently,-3,-3,-1,-1,1,-3,-2,1,-3,-3,-3,-2
je ziet het vooral in de stad,you especially see it in the city,1,-2,0,1,0,2,2,1,1,-2,3,0
je ziet het vooral 's nachts,you especially see it at night,-2,-2,1,1,0,-2,-1,1,-3,-3,-3,-2
je zit er hoger in dan in een auto,you're sitting higher in it than in a car,-2,-1,1,1,0,-3,0,1,-3,1,-1,-3
kan aan een auto gekoppeld worden,can be connected to a car,0,-2,1,1,1,1,0,1,-3,0,2,-3
kan glijden,can slide,-3,-2,1,2,0,0,-1,2,-3,-3,1,-2
kan in de file staan,can stand in queue,1,3,0,1,0,2,2,1,2,1,2,1
kan luxueus zijn,can be luxurious,2,3,0,-1,0,1,1,1,-1,-1,3,-2
kan neerstorten,can crash,-1,1,-2,-2,2,-1,1,2,-1,-3,1,-2
kan ontploffen,can explode,-3,2,0,1,-1,1,0,-1,1,-3,-1,-3
kan op moeilijke wegen rijden,can drive on rough roads,1,-2,2,2,2,1,1,2,-3,2,1,-2
kan statussymbool zijn,can be a status symbol,2,3,0,2,3,2,1,1,2,-2,3,0
kan stoom produceren,can produce steam,-3,1,2,1,1,1,0,2,-3,-2,2,-2
kan zinken,can sink,-3,-1,1,-1,2,1,1,2,-3,-2,3,-1
komt vaak voor in films,occurs often in films,-3,3,-3,-2,-2,1,1,0,-3,1,3,-3
komt voor in Assepoester,featured in Cinderella,-3,-2,0,-3,1,-2,1,1,-3,1,3,-3
komt voor in Kuifje,featured in Tintin,-3,1,0,-3,0,-3,1,-3,-3,-3,3,-3
lijkt op een fiets,ressembles a bike,2,-1,2,0,1,0,0,0,-3,0,1,-2
lijkt op een trein,ressembles a train,-1,-2,1,2,0,3,-2,2,-2,1,-1,0
maakt een brommend geluid,makes a humming sound,0,1,0,-1,1,0,0,1,1,-3,2,1
maakt een ronkend geluid,makes a humming sound,1,2,0,0,1,1,-1,1,1,-3,0,1
maakt lawaai,produces noise,1,2,-2,2,2,3,1,0,2,2,2,2
maakt veel geluid,produces a lot of sound,-1,2,0,0,2,3,0,1,1,-3,3,1
maakt veel wind,produces a lot of wind,-2,3,-2,-2,1,3,-1,2,-3,-2,2,-2
mag bestuurd worden vanaf 16 jaar,can be operated from the age of 16,-2,-3,2,1,1,-2,-1,2,-3,1,-1,1
mag bestuurd worden vanaf 18 jaar,can be operated from the age of 18,2,2,2,1,2,1,1,1,-3,3,2,0
meert aan in een haven,arrives in a port,-2,-3,2,-1,0,0,-1,3,-3,-2,2,-1
produceert uitlaatgassen,produces fumes,2,1,-1,-1,3,2,2,-2,0,-2,3,1
reed vroeger op stoom,used to run on steam,-1,-1,2,-2,2,1,2,3,-1,-3,2,-1
rijdt bovengronds,drives above the ground,-1,-1,3,-1,0,2,-1,0,1,3,3,1
rijdt meestal op rechtse baanvak op autosnelweg,usually drives on the right side of a highway,2,-1,1,-2,1,2,2,2,-2,3,3,1
rijdt ondergronds,drives under ground,-1,-1,3,2,2,2,0,3,-2,2,2,-1
rijdt op de autosnelweg,drives on a highway,1,-1,3,1,1,1,0,1,-3,2,2,-1
rijdt op de weg,drives on a road,3,2,3,1,2,2,1,-1,3,2,1,2
rijdt op een veld,drives on fields,-3,-3,1,2,-1,0,0,1,-3,-3,1,-2
rijdt op het land,drives on land,1,-1,2,2,1,1,-1,0,2,3,3,1
rijdt op rails,rides on rails,0,-3,3,2,1,-2,-1,3,-3,2,1,1
rijdt personen omver,hits persons (while driving),1,1,-3,-1,1,3,-1,1,-3,-3,3,-2
rolt,rolls,-2,-1,1,1,1,1,-2,1,0,-3,-2,2
staat op een camping,can be found on a camping,-2,-2,1,-2,2,1,1,2,-2,1,-1,-2
stijgt vertikaal op,takes off vertically,-3,-2,1,-2,2,3,-1,3,-3,0,-3,-3
stinkt,stinks,0,-3,-3,-3,1,3,-1,0,-2,-3,3,-1
stopt aan haltes,stops at fixed stops (fixed places),0,-2,2,2,1,1,-1,2,-2,2,2,1
stopt in een station,stops in a station,1,-2,2,2,1,-2,-1,3,-3,2,2,-2
transporteert goederen,transports goods,2,3,3,1,1,1,0,1,1,0,2,1
transporteert illegalen,transports illegal immigrants,-2,-3,-3,-2,-3,-2,-2,3,-3,-3,2,-3
transporteert kinderen,transports children,-1,-2,2,1,1,2,0,2,0,3,3,-2
transporteert personen,transports persons,3,3,2,1,1,3,2,-1,3,2,3,3
transporteert personen of goederen,transports persons or goods,2,3,2,2,1,1,3,0,3,2,3,3
vaart,sails,1,-1,2,2,0,2,-1,3,-1,0,3,1
vaart onder water,moves/sails under water,-3,-2,3,2,1,1,-1,3,-2,-3,1,-3
vaart op water,moves/sails on the water,-3,-2,3,1,1,3,-1,3,-3,-2,2,0
vaart op zee of ander water,moves/sails on the sea or on another water,-2,-2,1,2,2,2,1,2,-2,-2,1,1
veel personen vinden het beangstigend,often found to be frightening,-2,-3,-1,-2,-1,2,0,1,-3,-3,3,-3
verbruikt brandstof,uses fuel,2,2,0,-1,1,1,2,0,0,0,2,2
verbruikt gas,uses gas,-3,-1,1,1,1,1,1,1,-3,-3,3,-2
verbruikt kerosine,uses kerosine,0,-2,-1,1,2,1,-1,3,-3,-3,0,0
vereist een speciaal rijbewijs,requires a special drivers licence,-1,-1,1,1,2,-3,2,2,1,1,2,0
vereist geen rijbewijs,drivers licence not required,-2,-1,2,-1,0,-2,-2,2,-3,0,-1,0
veroorzaakt files,causes traffic jams,-1,2,-1,-1,2,3,2,1,-1,-2,3,0
veroorzaakt ongelukken,causes accidents,1,3,-3,2,2,1,2,1,1,2,3,1
vertrekt op een luchthaven,leaves from airport,-1,1,3,1,2,1,0,3,-1,-2,2,-1
vliegt,flies,1,-2,3,3,2,2,-2,2,-2,2,2,1
vliegt hoog in de lucht,flies high in the sky,-2,-1,1,3,1,1,-1,3,-3,1,0,-2
vliegt in de lucht,flies in the sky,1,-1,3,2,2,2,-2,2,-2,0,2,1
vliegt laag,flies low,-3,-2,1,1,1,1,-2,3,-3,0,-1,-3
vuurt torpedo's af,fires torpedos,-3,-2,2,0,-1,-2,-1,3,-3,-3,-1,-3
werd vroeger gebruikt,was used in the past,-1,-2,2,-1,2,1,0,1,-3,-2,-3,-2
werkt op benzine,works on petrol,3,1,-1,1,1,2,2,1,-2,1,2,1
werkt op elektriciteit,works on electricity,-3,-3,0,1,2,1,0,2,-3,-3,-1,1
wordt bemand door ruimtevaarders,manned by astronauts,-3,-3,2,-2,1,1,-2,3,-2,-3,-1,-3
wordt bestuurd door 1 persoon,driven by 1 person,1,2,2,1,-2,3,1,-1,3,2,3,2
wordt bestuurd door een kapitein,steered by a captain,-2,-2,2,1,1,1,-1,3,-3,-2,-1,-2
wordt bestuurd door een koetsier,driven by a coachman,-2,-3,1,1,1,1,-1,3,-3,-2,-1,-2
wordt bestuurd door een machinist,driven by an engine driver,-1,-3,2,-1,1,2,-2,3,-1,-2,1,-2
wordt bestuurd door een piloot,operated by a pilot,-1,-2,2,1,1,1,-1,3,-2,-1,0,-2
wordt bestuurd door een tramchauffeur,driven by a troley driver,-2,-3,2,-1,1,-2,-1,3,-3,-1,-1,-3
wordt bestuurd door een vrachtwagenchauffeur,driven by a truck driver,1,-3,2,-1,1,2,-1,3,-3,-1,2,-2
wordt bewoond door zigeuners,lived in by gipsies,-3,-2,1,0,2,-3,-1,2,-3,-3,-2,-3
wordt gebruik bij reddingsacties,used in rescue operations,-3,-2,0,1,2,1,-1,2,-2,3,1,-3
wordt gebruikt bij het huwelijk,used for a wedding,-3,-1,0,-1,-2,0,-1,1,-3,-3,-1,-3
wordt gebruikt bij sport,used in sports,-3,-1,2,1,-3,1,1,1,-3,0,3,0
wordt gebruikt door een boer,used by farmers,0,-1,2,0,1,-3,1,2,-3,-2,2,-3
wordt gebruikt door iedereen,used by everybody,2,3,1,3,3,1,1,0,1,-3,2,2
wordt gebruikt door kinderen,used by children,-3,-3,0,-1,0,2,0,2,0,3,2,-1
wordt gebruikt door politie,used by police men,-2,1,3,-1,1,1,1,2,-3,2,3,-3
wordt gebruikt door rijke personen,used by rich persons,-2,0,0,-1,-1,2,-1,1,-3,-3,1,-2
wordt gebruikt door stoere mannen,used by strong men,-2,-3,-2,-2,-1,2,-1,1,-3,-3,1,-3
wordt gebruikt door veel jongeren,used by young people,1,-1,0,-2,-3,3,1,2,-3,2,3,1
wordt gebruikt in de landbouw,used in farming,0,0,2,-1,2,1,0,3,-2,-2,1,-2
wordt gebruikt in de sneeuw,used in the snow,-3,-2,2,1,1,1,-1,2,-3,-2,3,-2
wordt gebruikt in de winter,used in winter,-1,1,1,-1,1,2,-1,-1,-3,2,3,-3
wordt gebruikt in de zomer,used in summer,1,-1,0,-2,-1,0,-3,1,-3,1,-3,-1
wordt gebruikt in het leger,used in the army,-2,3,1,-2,0,1,1,1,-3,-3,3,-3
wordt gebruikt om een reis rond de wereld te maken,used to travel around the world,-3,3,2,-3,2,3,1,1,-3,-3,2,-3
wordt gebruikt om grond te bewerken,used to cultivate the soil,-3,-2,2,1,2,2,1,2,-3,-3,-1,-3
wordt gebruikt om naar andere planeten te vliegen,used to travel to other planets,-3,-3,2,3,0,1,-1,3,-3,-3,3,-3
wordt gebruikt om naar de maan te vliegen,used to fly to the moon,-3,-3,2,3,1,1,-2,3,-3,-3,-1,-3
wordt gebruikt om te racen,used for racing,-2,-1,2,-1,-2,-2,1,1,-3,-3,3,-2
wordt gebruikt om te reizen,used for traveling,1,3,1,0,-1,3,2,2,2,-1,3,1
wordt gebruikt om te vissen,used for fishing,-3,-2,1,-1,0,1,-3,2,-3,-3,-3,-3
wordt gebruikt om zich onzichtbaar te verplaatsen,used to go somewhere invisibly,-3,-3,2,3,0,1,-2,0,-3,-3,-2,-3
wordt gebruikt op de boerderij,used at farms,-2,-2,2,1,1,2,1,1,-3,-1,1,-2
wordt gebruikt op een schans (of ramp),used at a ramp,-3,-3,2,-1,1,1,-1,2,-3,-3,-2,-3
wordt gebruikt tijdens de oorlog,used during war,-3,3,1,-2,-1,2,-1,1,-3,-3,3,-3
wordt gebruikt voor korte afstanden,used for short distances,1,-1,2,0,0,2,0,1,0,-1,-2,0
wordt gebruikt voor lange afstanden,used for long distances,3,-1,3,1,2,3,2,2,1,3,2,2
wordt gebruikt voor onderzoek,used for research,-3,2,0,2,1,1,-2,1,-3,-3,-1,-3
wordt gebruikt voor safari,used for safari,-3,1,1,-2,-1,1,0,2,-3,-3,2,-3
wordt gebruikt voor wedstrijden,used for competitions,-3,-1,1,-2,-2,1,1,0,-3,-3,3,0
wordt gelanceerd,is launched,-3,-3,2,2,1,-2,0,3,-3,-3,-1,-3
wordt niet veel gebruikt,not used much,-3,-3,2,-1,1,-3,-2,1,-3,-3,-1,-3
wordt onderverdeeld in A-klasse en B-klasse,subdivided in A-class and B-class,-2,-2,2,-2,0,-3,-1,3,-3,-3,-1,-1
wordt vaak beschilderd met grafitti,often covered with grafitti,-3,-3,0,-2,-2,0,-1,3,-3,-3,-2,-2
wordt vaak gestolen,often stolen,-1,1,-2,-1,-2,3,0,1,-1,-3,3,0
wordt vaak overvallen,often robbed,-2,-2,-3,0,2,-3,-2,2,-3,-3,3,-3
wordt vooral gebruikt bij mooi weer,especially used with nice weather,0,-2,0,-2,-2,-3,-3,2,-1,2,-3,-2
wordt vooral gebruikt door jongens,especially used by boys,0,-3,-2,-2,-3,3,-1,1,-3,-3,-2,-1
wordt voortgetrokken door honden,is drawn by dogs,-3,-3,1,2,1,1,-1,1,-3,-3,1,-3
wordt voortgetrokken door paarden,is drawn by horses,-2,-3,2,2,2,1,1,2,0,0,3,-3
wordt voortgetrokken door rendieren,is drawn by reindeer,-3,-1,1,2,2,0,-1,3,-2,-2,2,-3
zie je vooral aan de kust,often seen at the coast,-3,-3,1,1,1,-2,-1,0,-3,-3,2,-1
zit meestal overvol,most of the time is filled completely,-1,-1,-3,2,-3,3,0,1,-3,-1,3,-3
zweeft,floats,-2,-3,3,2,1,1,-1,2,-2,-2,1,0
