aangetrokken door blinkende dingen,is attracted by shiny objects,1,1,1,1,-1,-3,-2,-2,1,1,-2,-2
aaseter,is a scavenging animal,2,1,-1,1,-1,1,-3,1,1,1,2,-3
bedreigde diersoort,endangered species,1,3,-2,1,2,-3,-2,-2,0,-2,0,0
blauwgrijs,is bluish grey,-2,0,0,-2,1,-3,-3,0,-2,0,1,-3
bouwt nesten,builds nests,3,3,3,2,2,2,2,3,3,3,3,3
braakt braakballen,vomits pellets,1,1,0,1,2,2,-3,2,1,1,-3,-2
brengt kindjes,brings children,1,2,-3,1,-3,1,-3,-3,2,0,-3,-3
broedt andere eieren uit,hatches out other eggs,1,1,2,-1,2,3,-3,0,2,1,-3,-2
bruin/zwart van kleur,is brown/black,0,1,0,-1,1,-1,-3,0,-2,1,2,-3
dief,is a thief,1,1,-3,-2,1,-3,-3,-3,0,-2,-1,-3
draagt ring,carries a ring,1,1,-3,-1,-2,-3,-3,-1,0,1,-2,-1
drijft op het water,floats on water,1,0,-1,1,0,2,-3,-3,1,1,1,-3
eet bessen,eats berries,2,3,2,1,1,-2,-3,3,2,2,2,1
eet brood,eats bread,1,3,1,1,1,1,-3,0,1,2,2,1
eet fruit,eats fruit,1,3,1,0,1,-2,-3,2,1,2,1,1
eet graan,eats grain,1,3,1,2,2,1,-2,3,-1,2,1,-1
eet insecten,eats insects,2,3,2,1,1,1,-1,3,2,2,2,-1
eet kikkers,eats frogs,2,1,-1,0,1,1,-3,0,1,1,-2,-1
eet kleine dieren,eats small animals,2,1,2,0,3,1,2,1,2,1,1,0
eet muizen,eats mice,2,-1,-2,1,-2,-1,-3,-3,0,1,-2,-3
eet vis,eats fish,2,0,0,1,2,1,-3,0,0,1,0,-3
eet wormen,eats worms,3,2,2,2,3,3,-2,0,2,2,2,1
eet zaad,eats seed,1,3,1,2,3,2,1,3,1,3,2,1
er zijn verschillende soorten,there are many kinds of it,3,3,3,2,3,-3,3,3,3,3,3,1
filtert met zijn snavel eten uit het water,filtrate food out of the water with its bill,1,1,-2,2,1,1,-3,3,1,1,0,-2
fluit,sings (whistles),2,2,1,2,1,-1,-3,3,1,3,2,3
gebruikt in wedstrijden,is used in competitions,1,1,-2,-3,2,-3,-3,1,1,-2,-2,-3
geel,yellow,0,-3,-2,1,-3,-3,-3,0,-2,-1,1,-1
gegeten op feestmalen,is eaten on festive dinners,1,1,-1,1,0,-2,-3,2,1,1,-3,-3
gevaarlijk,is dangerous,1,-2,-2,-2,1,-3,-3,-3,0,-3,-2,-2
grijs,is grey,-2,1,0,-2,-1,-3,-3,-1,-2,1,2,-2
grijs-wit,grey-white,-2,0,1,-2,-1,-3,-3,0,-2,0,-3,-3
heeft 2 ogen,has two eyes,3,3,3,1,3,-3,3,3,3,3,3,-1
heeft een donslaag,has downy hair,2,3,1,0,2,1,-1,3,1,2,2,-2
heeft een gele snavel,has a yellow bill,3,1,-2,2,-1,3,-3,1,2,1,1,-1
heeft een grote spanwijdte van de vleugels,has a large wingspread,3,1,1,2,1,3,-3,2,1,1,1,-2
heeft een grote staart,has a large tail,2,3,0,1,-1,-2,-3,0,0,0,0,1
heeft een kam,has a crest,1,1,-2,1,-1,-3,-3,1,1,1,-3,-3
heeft een kromme bek,has a hooked bill,3,1,-1,2,0,3,-3,0,1,1,0,-3
heeft een lange nek,has a long neck,1,1,-2,0,-2,-3,-3,-3,2,-1,-2,-3
heeft een puntige bek,has a pointed mouth,3,1,1,2,2,2,-3,3,2,1,2,1
heeft een rood borstje,has a red breast,2,0,-2,2,0,2,-3,-3,2,0,-1,1
heeft een snavel,has a bill,3,3,2,3,3,3,3,3,3,3,3,1
heeft een staart,has a tail,2,3,2,2,-3,1,1,3,3,3,2,0
heeft grote bek,has a big bill,3,2,0,0,1,1,-3,0,1,-1,-2,-3
heeft grote klauwen,has big claws ,2,3,-2,-2,1,1,-3,0,2,1,1,-3
heeft grote ogen,has large eyes,1,2,0,0,1,-3,-3,-3,1,-1,-3,-3
heeft klauwen,has claws,2,3,-2,-2,1,1,-3,3,2,2,1,-3
heeft korte poten,has short paws,2,1,1,0,0,2,-3,-2,-1,1,2,-1
heeft lange poten,has long paws,1,3,-2,0,1,-1,-3,0,0,1,0,-2
heeft mooie staart,has a beautiful tail,1,3,1,1,-2,1,-3,0,2,1,1,1
heeft mooie veren,has beautiful feathers,2,3,2,2,2,2,-3,0,2,3,1,1
heeft oog op veer,has an eye on its feathers,1,0,-2,2,-1,1,-3,2,1,0,-3,-3
heeft rode kwab hangen,has a red dewlap,2,-1,-2,0,-1,-1,-3,-3,1,1,-3,-3
heeft scherpe klauwen,has sharp claws,3,3,0,-1,2,1,-3,2,1,2,2,-3
heeft snavel met zak aan,has a bill with a crop,1,1,-2,1,0,3,-3,-2,0,1,-3,-2
heeft twee poten,has two paws,3,3,3,2,3,0,3,3,3,3,3,1
heeft vele kleuren,has many colours,0,1,1,1,2,-3,2,0,1,2,1,-1
heeft veren,has feathers,3,3,2,2,3,3,3,3,3,3,3,3
heeft vleugels,has wings,3,3,2,2,3,2,3,3,3,3,3,3
heeft zwemvliezen,is fin-footed,2,2,-2,0,1,-3,-3,0,1,1,-3,-3
in een kippenhok,lives in a chicken coop,1,1,-2,1,0,0,-3,3,1,1,-2,-3
in kooi,lives in a cage,1,2,1,2,1,1,-3,0,1,2,1,-1
in vijver,is found in a pond,1,0,-2,1,-2,0,-3,-2,-2,-1,-2,-3
is akelig,is grisly,0,-3,-2,0,-1,-3,-3,-3,-2,-2,-3,-3
is bruin,is brown,0,0,0,-2,1,-2,-3,0,-2,1,1,-3
is de baas in het kippenhok,the boss among the chickens,1,1,-2,2,-2,2,-3,-3,1,0,-3,-3
is dom,is dumb,1,1,-3,-1,0,-3,-3,-3,-3,-1,-3,-2
is donker van kleur,dark colour,-2,1,0,0,2,-3,-3,0,-2,1,2,-3
is een dier,is an animal,3,3,3,2,3,-1,3,3,3,3,3,1
is een huisdier,is a pet,1,0,-1,-1,1,-3,-3,1,0,1,1,-3
is een roofvogel,is a bird of prey,3,1,-1,3,-1,3,-3,3,1,1,1,-3
is een trekvogel,is a migratory bird,2,1,2,2,-1,3,-3,3,2,1,1,-1
is een vleeseter,is a carnivore,1,2,-2,0,-2,-2,3,-3,-1,1,-2,-3
is eetbaar,is edible,1,0,-1,2,1,-2,-2,2,1,1,1,-3
is grappig,is funny,-3,1,-3,-1,-2,-3,-3,-3,-2,0,0,-3
is grijs en zwart en wit,"is grey, black and white",0,0,0,-1,-1,-3,-3,-3,-2,0,-3,-3
is groen,is green,-2,-3,0,-2,-2,-3,-3,0,-2,-1,-3,-3
is groot,is big,0,-1,0,-1,-1,-3,-3,-2,-1,0,0,-3
is groter dan een kip,is bigger than a chicken,0,1,-1,1,2,-3,-3,-3,0,0,-3,-2
is klein,is small,1,1,0,1,2,-3,-3,0,-1,1,2,-2
is lekker,is tasty,2,2,0,1,-2,-3,-3,-3,1,1,-1,-2
is lelijk,is ugly,-2,-3,-3,-2,-1,-3,-3,-3,-3,-2,-3,0
is lief,is sweet ,-2,2,-2,-2,0,-3,-3,-3,-2,1,-1,0
is mooi,is beautiful,-1,3,1,0,1,-3,-3,1,-2,2,1,0
is niet gevaarlijk,is not dangerous,1,1,-1,1,1,-3,-3,0,-1,3,2,-1
is schattig,is cute,-2,0,-1,-2,0,-3,-3,0,-1,0,1,-2
is slim,is smart,1,0,-2,-1,-1,-3,-3,-3,-1,1,0,-1
is snel,is fast,2,2,2,3,2,-2,-2,1,2,2,1,0
is symbool voor vrede,is a symbol for peace,1,1,-2,2,1,1,-3,0,2,1,-3,0
is wit,is white,-2,1,0,-2,-1,-3,-3,-1,-2,0,0,-2
is zeer mensenschuw,is afraid of people,1,1,-2,2,3,1,-2,-3,-2,2,1,-1
is zeer vroeg wakker,rises early,1,3,2,2,3,-3,-3,3,2,3,2,-2
jaagt,hunts,1,2,0,0,2,-1,1,0,0,1,1,-2
kakelt,cackles,3,0,-2,0,-1,-2,-3,1,1,1,0,-3
kan aggressief zijn,can be aggressive,1,1,-1,0,1,-3,0,-2,0,-1,-1,-3
kan een groet zijn,can be a greeting,1,-3,-3,-2,0,0,-3,1,-1,-3,-3,-2
kan goed duiken,is good at diving,2,1,-2,1,-2,-2,-3,-2,-2,-1,0,-3
kan je vangen,can be caught,1,2,-2,2,0,-3,-1,2,-1,3,0,0
kan je voederen,can be fed,2,0,-1,1,2,-3,-3,3,1,1,1,0
kan mooi fluiten,can sing beautifully,3,3,-1,1,-1,2,-3,3,1,3,1,2
kan niet vliegen,can't fly,3,1,-1,0,-3,-1,-3,-3,0,-2,-3,-2
kan opgevuld worden,can be filled up,1,2,-2,1,1,2,-3,3,1,1,-3,-3
kan praten,can talk,2,0,-2,1,-1,1,-3,0,-1,1,-3,-3
kan slecht vliegen,is not good at flying,3,0,-1,1,-2,0,-3,-3,-3,-2,-3,0
kan staart openzetten,can open its tail,3,1,-2,1,-1,2,-3,2,1,1,-3,-3
kan verschillende kleuren hebben,can have different colors,-1,3,2,1,2,-3,3,3,2,3,3,-2
kan vliegen,can fly,2,3,2,2,3,3,3,3,3,3,3,3
kan worden gekweekt,can be bred,2,1,-1,1,1,-1,0,3,1,1,0,-1
kan zijn kop heel ver draaien,can turn his head very far,1,1,2,0,2,1,-3,3,2,1,1,-2
kan zwemmen,can swim,2,1,-2,0,-2,-1,-3,0,-2,-2,1,-2
kleine snavel,has a small bill,3,2,-1,1,-3,1,-3,0,1,3,1,1
koekoeksklok,is in a cuckoo clock,1,1,-2,1,0,3,-3,-3,2,-3,-3,-3
komt veel voor,occurs frequently,2,3,3,1,3,-3,-3,3,3,3,2,-1
komt voor in belgi�,is found in Belgium,-1,1,3,0,-1,1,-3,3,-2,2,0,-3
komt voor in de tuin,is found in the garden,2,3,1,2,2,0,-2,3,1,3,2,-2
komt voor in liedjes,appears in songs,0,-3,1,0,-1,-3,-3,2,-2,-1,-3,-3
komt voor in reclame of als merk,is found in advertising or as brand ,1,1,-3,-2,0,-3,-3,-3,0,-3,-3,-3
komt voor in sprookjes en verhalen,appears in fairy tales and stories,0,1,0,0,2,1,-2,2,0,1,-3,-2
kraait,crows,1,3,-2,2,2,2,-3,1,1,1,1,-3
kraait 's morgens, in the morning,1,1,-2,2,-2,3,-3,1,1,1,-3,0
kraaloogjes,has beady eyes,3,3,1,3,1,-2,-3,-3,1,2,2,-2
krijgt kuikens,has peepers,3,3,-2,2,2,3,1,2,2,2,3,1
kwaakt,quacks,1,1,-1,1,-1,2,-3,-3,1,-1,-2,-3
lange snavel,has a long bill,3,2,-2,3,1,2,-3,1,1,1,0,1
leeft aan de zee,lives by the sea,1,1,-1,1,-1,1,-3,0,1,1,-2,-3
leeft alleen,live alone,1,1,-3,-2,-1,-2,-3,0,0,1,0,-3
leeft in afrika,lives in Africa,1,1,1,1,-2,-3,-3,3,1,1,-3,-3
leeft in bomen,lives in trees,3,1,1,2,2,1,-3,1,2,3,2,1
leeft in de bergen,live in the mountains,1,0,-1,-2,-1,0,-3,-3,1,-1,-3,-3
leeft in de natuur,lives in nature,2,3,2,2,3,-3,2,3,2,3,3,1
leeft in de zoo,lives in the zoo,0,2,0,2,0,-3,-3,3,0,2,1,-3
leeft in Europa,lives in Europe,1,2,1,0,2,0,-3,3,-1,1,0,-3
leeft in groep,herds,2,2,2,2,1,0,-1,0,1,1,1,0
leeft in het bos,lives in the woods,3,1,1,2,3,1,-2,-3,1,3,0,1
leeft in het wild,lives in the wild,2,2,0,1,1,-2,-3,3,2,3,3,1
leeft in koude gebieden,lives in cold areas,1,1,-2,-1,-1,-3,-3,0,-2,0,-3,-3
leeft in tropische gebieden,lives in tropical areas,1,1,0,0,1,-3,-3,0,0,1,-3,-3
leeft in velden,lives in fields,2,1,-1,2,-1,2,-3,0,1,1,1,-3
leeft in warme landen,lives in warm countries,2,0,2,0,1,-3,-2,-3,2,1,-1,-3
leeft in water,lives in water,2,1,-1,-2,-1,-2,0,-2,-1,-1,1,-3
leeft niet in Belgi�,does not live in Belgium,1,-3,0,1,-1,-3,-3,-3,-2,-3,-3,-3
leeft ook in de stad,also lives in the city,1,2,1,0,1,-3,-1,3,0,1,1,0
leeft op de boerderij,lives on a farm,1,-3,-1,0,1,-2,-3,2,1,1,2,-3
leeft op het land,lives on land  ,2,1,1,0,1,1,-3,0,0,-1,1,-2
leeft soms in kerktorens,sometimes lives in church towers ,1,1,-2,1,1,2,-1,1,0,1,-3,-2
leeft tussen de mensen,lives among human beings,2,1,-3,0,-2,1,-3,0,1,0,0,0
leeft vooral aan de kust,especially lives at the coast,1,0,-2,0,0,1,-3,-3,1,0,-3,-2
legt eieren,lays eggs,3,3,2,2,3,1,3,3,3,3,3,2
legt eieren in het nest van andere vogels,lays eggs in the nests of other birds,1,1,-1,1,-1,-1,-3,0,2,1,-3,-3
legt geen eieren,does not lay eggs,2,0,-2,1,-2,-2,-3,-3,-2,-3,-3,-3
legt grote eieren,lays big eggs,1,1,-2,0,1,0,-3,-2,-2,1,-3,1
lijkt gemeen,seems mean,-1,0,-3,-2,0,-3,-3,-3,-3,-2,-3,-2
maakt een koerend geluid,makes a 'coo' sound,1,3,-1,1,-1,1,-3,0,-1,1,-1,0
maakt een 'oehoe'-geluid,makes an 'oehoe' sound,1,1,-2,3,1,3,-3,1,1,1,-3,-3
maakt gaten in bomen,makes holes in trees,2,0,-2,2,0,3,-3,-3,2,1,-3,0
maakt geluid,makes a sound,1,3,2,1,3,-3,2,3,2,3,3,1
maakt heel vervelend geluid,makes an extremely irritating sound,1,-3,0,1,-1,2,-3,0,1,1,0,0
maakt herkenbaar geluid,makes a recognizable sound,2,1,2,1,2,-2,1,3,2,2,-2,-1
maakt nesten op grote hoogte,builds nests at high altitude,3,1,2,2,-1,3,-3,1,2,3,1,0
maakt scherp geluid,makes a sharp sound,-1,0,2,1,2,1,-3,1,2,1,2,0
maakt veel lawaai,makes a lot of clamor,1,-2,1,0,2,-3,-3,1,1,1,1,0
maakt veel vuil,is messy,-2,1,0,-2,-1,-3,-3,-1,-1,-2,-3,-2
maakt vreemd geluid,makes a strange noise,1,1,0,1,0,-3,1,0,1,0,0,0
maakt wakker,wakes up,1,1,0,1,2,-1,-3,3,1,1,1,1
mannelijke kip,is a male chicken,1,1,-2,1,-2,2,-3,3,1,0,-3,-3
mannetje- verschillende kleuren,the male occurs in different colours,1,3,0,2,-1,2,-3,1,0,2,1,-3
meestal bruin-grijze kleur,is mostly grey brown,-2,0,1,0,-1,-3,-3,1,-2,1,2,-3
meisjesnaam,is a girl's name,1,1,0,0,2,-3,-3,-3,-1,-3,-3,-3
middelgroot,is medium-sized,0,0,-1,1,2,-3,-3,0,-1,1,1,-2
mooie kleuren,beautiful colours,2,1,1,1,2,-3,-3,0,1,2,1,-2
nachtdier,nocturnal animal,1,1,-2,0,0,-3,-3,0,-2,0,0,-2
opbergsnavel,can store food in its bill,1,2,0,2,0,0,-3,-3,1,0,0,-2
oranje snavel,has an orange bill,3,1,-2,1,-2,3,-3,0,2,1,1,-2
pikt,pecks,1,-1,1,2,2,-3,-3,2,1,1,3,1
poolgebieden,lives in the polar regions,1,1,-1,0,0,-2,-3,-3,1,-2,-3,-3
rood,is red,0,-3,-2,-1,-2,-3,-3,-1,-2,0,-3,-3
scherp zicht,has a sharp view,2,3,2,1,2,0,-3,0,2,1,1,-2
sierlijk,graceful,1,0,2,0,2,-3,-3,0,1,2,-1,-3
slaapt op een stok,sleeps on a stick,3,2,-2,2,-1,3,-3,1,1,2,-2,1
snatert,gabbles,1,2,0,2,2,-2,-3,1,0,3,-3,-3
springt,jumps,1,1,0,-2,0,-1,-3,2,2,1,2,-2
staart open bij angst,opens its tail when it is scared,2,-1,-2,-2,-1,2,-3,0,1,1,-3,-3
staat soms op 1 poot,sometimes stands on one paw,2,3,-2,1,0,1,-3,2,1,1,-2,-3
steekt kop in grond,sticks its head into the ground,3,0,-2,2,-2,0,-3,0,1,0,-3,-3
stinkt,stinks,0,1,-3,0,-1,-3,-3,-3,-2,-2,-3,-3
stripverhaal,appears in comics,0,0,0,0,1,-3,-3,-3,-1,-2,-3,-3
tekenfilmfiguur,cartoon figure,0,-1,1,1,3,-3,-3,2,1,0,-3,-3
tok tok' als geluid,makes a 'tok tok' sound,1,1,-2,1,-1,-2,-3,2,1,1,-2,-3
tokt op boom,clucks on trees,1,1,-2,2,0,2,-3,1,2,1,-2,0
trekt niet weg in de winter,does not migrate in the winter,2,0,-2,0,-1,1,-3,-3,2,1,-3,-2
trots,is proud,-2,1,-1,-1,0,-3,-3,0,-1,1,-3,-2
tsjilpt,chirps,1,2,1,1,2,3,-3,1,2,2,2,2
vaak losgelaten na trouw (huwelijksmis),is often released after a wedding,1,1,-2,-2,0,-3,-3,3,2,1,-3,-3
vaak stilzittend,often sits still,0,1,-3,0,1,1,-3,0,1,-2,1,0
vliegt hoog,flies high,3,2,1,2,2,3,-3,1,1,2,1,-1
vliegt in V-formatie,flies in formation,1,2,2,2,2,1,2,3,2,1,-2,0
vogel,is a bird,3,3,3,3,3,3,3,3,3,3,3,3
vooral op platte land,especially lives in the country,2,1,-1,1,-2,0,-3,0,3,2,2,-3
vooral te zien in de winter,especially occurs in the winter,1,-2,-2,0,-1,-3,-3,0,-2,-2,-2,-2
vrouwtje is bruin,the female is brown,-2,2,-2,-3,-2,1,-3,1,-2,1,-1,-3
vrouwtje van de haan,is the female of the cock,1,1,-2,1,-2,-1,-3,-3,2,0,-3,-2
waggelt,waddles,1,1,0,-1,0,-3,-3,-1,2,0,-3,-2
werd vroeger voor post te bezorgen gebruikt,used to carry around mail,3,1,-2,3,1,2,-3,3,1,1,-3,-3
worden vechtkampen mee georganiseerd,is used in fights,1,1,-2,-3,-1,-3,-3,0,1,-1,-3,-3
wordt gebruikt in shows,is used in shows,2,1,-2,0,-2,-3,-3,0,0,-2,-2,-3
wordt gegeten met Kerstmis,is eaten when it's Christmas,1,1,-2,-2,0,1,-3,1,1,1,-3,-2
wordt gegeten op thanksgiving,is eaten on Thanksgiving,3,0,-2,3,1,1,-3,-3,1,1,-3,-3
wordt gehouden door duivenmelkers,is kept by a pigeon fancier,1,1,-2,2,1,3,-3,1,2,1,-3,-2
wordt met wijsheid geassocieerd,assosciated with wisdom,3,1,-2,-1,1,-3,-3,1,1,0,-3,0
wordt niet opgegeten,is not eaten,-2,0,1,-2,-1,-2,-3,-3,1,-1,-3,-2
wordt op gejaagd,is hunted,3,3,1,1,2,1,0,1,0,1,1,0
wordt vaak de prooi van een kat,often becoms a cat's prey,0,3,-1,2,1,2,-3,1,1,1,1,1
zeer prototypische vogel,is a prototypical bird,2,3,1,-2,-1,3,-3,3,1,0,-3,-3
zegt koekoek,says cuckoo,3,0,-2,3,-1,3,-3,0,1,1,-2,-3
zeldzaam,is rare,0,1,-3,-1,-2,-3,-3,-3,1,-3,-3,-3
ziet in het donker,can see in the dark,2,-1,-1,0,1,-2,-3,0,-1,-1,-3,-3
zingt,sings,1,1,1,2,2,-3,-3,-3,1,3,1,2
zit op draden van elektriciteitspalen,sits on threads of electricity,3,2,1,2,3,3,-2,1,2,2,1,1
zit vaak in parken,often sits in parks,3,3,-1,2,3,1,-1,3,2,3,2,-2
zorgt goed voor haar kroost,takes good care of her children,1,2,3,0,2,1,-3,3,1,2,1,-2
zwart,is black,-2,-2,-2,1,-1,-2,-3,0,-2,0,1,-3
zwart met wit,is black and white,-2,1,1,0,-1,-3,-3,1,-2,0,-1,-3
zwarte ogen,has black eyes,3,2,2,1,2,-3,-3,2,2,3,2,-3
zweeft,glides,3,1,1,3,3,3,1,2,1,2,2,1
