,feature/ exemplar ENGLISH,,car,boat,scooter,motorbike,bus,truck,van,trailer,submarine,bicycle,go-cart,helicopter,hovercraft,jeep,cart,carriage,(hot air) balloon,subway train,motorbike,rocket,skateboard,sled,kick scooter,taxi,tractor,tram,train,airplane,truck,Zeppelin
feature / exemplar DUTCH,,freq,auto,boot,bromfiets,brommer,bus,camion,camionette,caravan,duikboot,fiets,gocart,helikopter,hovercraft,jeep,kar,koets,luchtballon,metrostel,moto,raket,skateboard,slede,step,taxi,tractor,tram,trein,vliegtuig,vrachtwagen,zeppelin
behoort tot bedrijf,is part of a company,9,0,0,0,0,0,1,1,0,0,0,0,0,0,0,0,0,0,0,0,0,0,0,0,1,0,0,0,0,1,0
behoort tot openbaar vervoer,is a kind of public transport,20,0,1,0,0,1,0,0,0,0,0,0,0,0,0,0,0,0,1,0,0,0,0,0,1,0,1,1,1,0,0
bestaat al lang,has been existing for a long time,12,0,1,0,0,0,0,0,0,0,1,0,0,0,0,1,1,1,0,0,0,0,1,0,0,0,0,0,0,0,1
bestaat in verschillende formaten,exists in different measurements,15,1,1,0,0,0,1,0,1,1,1,1,1,1,0,1,1,1,0,1,1,0,1,1,1,1,0,0,1,1,0
bestaat in verschillende kleuren,exists in different colors,60,1,1,1,1,1,1,1,1,1,1,1,1,1,0,1,1,1,1,1,1,1,1,1,1,1,1,1,1,1,1
bestaat in verschillende kleuren en verschillende vormen,exists in different colors and different forms,4,0,0,0,0,0,0,0,0,0,0,0,0,0,0,0,0,1,0,0,0,0,0,0,0,0,0,0,0,0,0
bestaat in verschillende merken,exists in different brands,13,1,0,1,1,0,1,1,0,0,1,0,0,0,1,0,0,0,0,1,0,0,0,0,0,1,0,0,0,1,0
bestaat in verschillende modellen,exists in different types,8,1,1,1,1,1,1,1,1,1,1,1,1,1,1,1,1,1,1,1,1,1,1,1,1,1,1,1,1,1,0
bestaat in verschillende soorten,exists in different kinds,17,0,1,0,0,0,0,0,0,0,1,0,1,0,0,1,1,0,0,0,1,0,1,0,0,1,0,0,1,0,0
bestaat in verschillende vormen,exists in different forms,9,0,0,0,0,0,0,0,0,0,0,0,0,0,0,0,0,1,0,0,0,0,0,0,0,0,0,0,0,0,0
bestuurder draagt helm,the driver wears a helmet,22,0,0,0,1,0,0,0,0,0,0,0,0,0,0,0,0,0,0,1,0,0,0,0,0,0,0,0,0,0,0
bestuurder draagt leren kleding,the driver wears leather clothes,6,0,0,0,0,0,0,0,0,0,0,0,0,0,0,0,0,0,0,1,0,0,0,0,0,0,0,0,0,0,0
bestuurder is zwakke weggebruiker,the driver is very vulnerable on the road,4,0,0,1,1,0,0,0,0,0,1,0,0,0,0,0,0,0,0,0,0,0,0,0,0,0,0,0,0,0,0
chauffeurs zitten lange tijd achter stuur,the driver of this vehicle is behind the wheel for a very long time,4,0,0,0,0,1,1,0,0,0,0,0,0,0,0,0,0,0,0,0,0,0,0,0,0,0,0,0,0,1,0
dient om mee te rijden,is used to drive,49,1,0,1,1,1,1,1,1,0,1,1,0,0,1,1,1,0,1,1,0,1,0,1,1,1,1,1,0,1,0
drijft op water,floats on water,11,0,1,0,0,0,0,0,0,0,0,0,0,1,0,0,0,0,0,0,0,0,0,0,0,0,0,0,0,0,0
er is veel plaats in,there is a lot of space in it,6,0,1,0,0,1,1,1,0,0,0,0,0,0,0,0,0,0,0,0,0,0,0,0,0,0,0,1,0,1,0
er is weinig plaats,there is not much space,4,1,0,0,0,0,0,0,1,1,0,0,0,1,0,0,0,1,0,0,1,0,0,0,1,0,0,0,1,0,0
er komt rook uit,emits smoke,5,1,1,1,1,1,1,1,0,0,0,0,0,1,1,0,0,0,0,1,1,0,0,0,1,1,0,0,1,1,0
er komt vuur uit onderaan,emits fire at the bottom,5,0,0,0,0,0,0,0,0,0,0,0,0,0,0,0,0,0,0,0,1,0,0,0,0,0,0,0,0,0,0
er staat reclame op,there is advertising on it,28,0,0,0,0,1,0,1,0,0,0,0,0,0,0,0,0,1,0,0,0,0,0,0,0,0,1,0,0,0,0
gaat snel,goes fast,88,1,0,0,0,1,1,1,1,0,0,0,0,1,1,0,0,0,1,1,1,0,0,0,1,0,0,1,1,1,0
gaat tot op grote diepte,goes down to great depth,4,0,0,0,0,0,0,0,0,1,0,0,0,0,0,0,0,0,0,0,0,0,0,0,0,0,0,0,0,0,0
gaat traag,goes slow,31,0,1,0,0,0,0,0,0,0,1,1,0,0,0,1,1,1,0,0,0,1,1,1,0,1,0,0,0,0,1
gebruikt door de kerstman,used by Santa,14,0,0,0,0,0,0,0,0,0,0,0,0,0,0,0,0,0,0,0,0,0,1,0,0,0,0,0,0,0,0
gebruikt door mannen,used by men,4,0,0,0,0,0,1,0,0,1,0,0,1,1,0,0,0,0,0,1,1,1,0,0,0,1,0,0,0,1,1
gemaakt uit hout,made of wood,41,0,1,0,0,0,0,0,0,0,0,0,0,0,0,1,1,0,0,0,0,1,1,0,0,0,0,0,0,0,0
gemaakt uit metaal,made of metal,23,1,1,1,1,1,1,1,0,1,1,1,1,1,1,0,0,0,1,1,1,0,0,1,1,1,1,1,1,1,0
glijdt op sneeuw,slides on snow,6,0,0,0,0,0,0,0,0,0,0,0,0,0,0,0,0,0,0,0,0,0,1,0,0,0,0,0,0,0,0
glijdt van helling,slides from slope,4,0,0,0,0,0,0,0,0,0,0,0,0,0,0,0,0,0,0,0,0,0,1,0,0,0,0,0,0,0,0
Harley Davidson is een merk,Harley Davidson is a brand,4,0,0,0,0,0,0,0,0,0,0,0,0,0,0,0,0,0,0,1,0,0,0,0,0,0,0,0,0,0,0
heeft 1ste en 2de klasse,has first and second class,9,0,1,0,0,0,0,0,0,0,0,0,0,1,0,0,0,0,0,0,0,0,0,0,0,0,0,1,1,0,0
heeft 2 of 4 wielen,has 2 or 4 wheels,5,0,0,0,0,0,0,0,0,0,0,0,0,0,0,1,0,0,0,0,0,0,0,0,0,1,0,0,0,0,0
heeft 2 wielen,has 2 wheels,70,0,0,1,1,0,0,0,0,0,1,0,1,0,0,0,1,0,0,1,0,0,0,1,0,0,0,0,0,0,0
heeft 4 wielen,has 4 wheels,69,1,0,0,0,0,0,1,1,0,0,1,0,0,1,1,0,0,0,0,0,1,0,0,1,1,0,0,1,0,0
heeft 4x4 aandrijving,has 4x4 drive,9,0,0,0,0,0,0,0,0,0,0,0,0,0,1,0,0,0,0,0,0,0,0,0,0,0,0,0,0,0,0
heeft aanhangwagen,has a trailer,7,1,0,0,0,0,0,0,0,0,1,0,0,0,0,0,0,0,0,0,0,0,0,0,0,1,0,0,0,0,0
heeft automatische deuren,has automatic doors,6,0,0,0,0,1,0,0,0,0,0,0,0,0,0,0,0,0,1,0,0,0,0,0,0,0,1,1,0,0,0
heeft banden,has tires,6,1,0,1,1,1,1,1,1,0,1,1,1,0,1,1,1,0,0,1,0,0,0,1,1,1,0,0,1,1,0
heeft benzinegeur,has smell of gasoline,4,1,0,1,1,1,1,1,0,0,0,0,0,0,1,0,0,0,0,1,0,0,0,0,1,1,0,0,0,1,0
heeft deuren,has doors,5,1,1,0,0,1,1,1,1,1,0,0,1,1,1,0,1,0,1,0,1,0,0,0,1,1,1,1,1,1,1
heeft dikke banden,has thick tires,9,1,0,0,0,1,1,0,0,0,0,0,0,0,0,0,0,0,0,0,0,0,0,0,0,1,0,0,0,1,0
heeft een anker,has an anchor,5,0,1,0,0,0,0,0,0,1,0,0,0,0,0,0,0,0,0,0,0,0,0,0,0,0,0,0,0,0,0
heeft een bed,has a bed,5,0,1,0,0,0,0,0,1,1,0,0,0,0,0,0,0,0,0,0,0,0,0,0,0,0,0,1,0,0,0
heeft een bel,has a bell,16,0,0,1,0,0,0,0,0,0,1,0,0,0,0,0,0,0,0,0,0,0,0,0,0,0,1,0,0,0,0
heeft een bordje 'TAXI' op auto,has a 'TAXI' plate on car,8,0,0,0,0,0,0,0,0,0,0,0,0,0,0,0,0,0,0,0,0,0,0,0,1,0,0,0,0,0,0
heeft een brander,has a burner,4,0,0,0,0,0,0,0,0,0,0,0,0,0,0,0,0,1,0,0,0,0,0,0,0,0,0,0,0,0,0
heeft een cabine,has a cabin,4,0,1,0,0,0,0,0,0,0,0,0,0,1,0,0,0,0,0,0,1,0,0,0,0,0,0,1,1,0,0
heeft een chauffeur,has a driver,35,1,0,0,0,1,1,1,0,0,0,0,0,0,1,0,0,0,1,1,0,0,0,0,1,1,0,0,0,1,0
heeft een claxon,has a horn,5,1,1,0,1,1,1,1,0,0,0,0,0,0,1,0,0,0,0,1,0,0,0,0,1,1,0,0,0,1,0
heeft een conducteur,has a conductor,11,0,0,0,0,0,0,0,0,0,0,0,0,0,0,0,0,0,1,0,0,0,0,0,0,0,1,1,0,0,0
heeft een dak of geen dak,has a roof or no roof,5,1,1,0,0,1,0,0,0,0,0,0,0,0,1,0,1,0,0,0,0,0,0,0,0,1,0,0,0,0,0
heeft een dode hoek,has a dead corner,8,0,0,0,0,1,1,0,0,0,0,0,0,0,0,0,0,0,1,0,0,0,0,0,0,0,1,1,0,1,0
heeft een donkere kleur,has a dark color,5,0,0,0,0,0,0,0,0,1,0,0,0,0,1,0,0,0,0,0,0,0,0,0,0,0,0,0,0,0,0
heeft een groot vermogen,has great power,7,1,1,0,0,1,1,0,0,1,0,0,1,1,1,0,0,0,1,1,1,0,0,0,1,1,1,1,1,1,0
heeft een keuken,has a kitchen,7,0,1,0,0,0,0,0,1,1,0,0,0,0,0,0,0,0,0,0,0,0,0,0,0,0,0,1,1,0,0
heeft een laadruimte,has a loading space,10,1,1,0,0,0,1,1,0,1,0,0,1,0,1,1,1,0,0,0,1,0,0,0,1,1,0,1,1,1,1
heeft een mand,has a basket,13,0,0,0,0,0,0,0,0,0,0,0,0,0,0,0,0,1,0,0,0,0,0,0,0,0,0,0,0,0,0
heeft een motor,has a motor,60,1,1,1,1,1,1,1,0,1,0,0,1,1,1,0,0,0,0,1,1,0,0,0,1,1,0,0,1,1,1
heeft een opvallende kleur,has a striking color,4,0,0,0,0,0,0,0,0,0,0,1,0,0,0,0,0,1,0,0,0,1,0,0,0,0,0,0,0,0,0
heeft een periscoop,has a periscope,7,0,0,0,0,0,0,0,0,1,0,0,0,0,0,0,0,0,0,0,0,0,0,0,0,0,0,0,0,0,0
heeft een rem,has a brake,23,1,0,1,1,1,1,1,0,0,1,1,0,0,1,0,0,0,1,1,0,0,0,1,1,1,1,1,0,1,0
heeft een rem achteraan,has a brake in the back,4,0,0,0,0,0,0,0,0,0,0,0,0,0,0,0,0,0,0,0,0,0,0,1,0,0,0,0,0,0,0
heeft een reservewiel achteraan,has a spare wheel in the back,9,1,0,0,0,1,1,1,0,0,0,0,0,0,1,0,0,0,0,0,0,0,0,0,1,0,0,0,0,1,0
heeft een rieten mand,has a wicker basket,5,0,0,0,0,0,0,0,0,0,0,0,0,0,0,0,0,1,0,0,0,0,0,0,0,0,0,0,0,0,0
heeft een roer,has a helm,6,0,1,0,0,0,0,0,0,1,0,0,0,1,0,0,0,0,0,0,0,0,0,0,0,0,0,0,0,0,0
heeft een slaapplaats,has a place to sleep,5,0,1,0,0,0,0,0,1,1,0,0,0,0,0,0,0,0,0,0,1,0,0,0,0,0,0,1,0,0,0
heeft een snelheidsbeperking,has a speed restriction,4,1,0,1,1,1,1,1,1,0,0,0,0,0,1,0,0,0,0,1,0,0,0,0,1,0,1,0,0,1,0
heeft een staart,has a tail,4,0,0,0,0,0,0,0,0,0,0,0,1,0,0,0,0,0,0,0,1,0,0,0,0,0,0,0,1,0,0
heeft een stuur,has a steering wheel,52,1,1,1,1,1,1,1,0,1,1,1,1,1,1,0,0,0,0,1,0,0,0,1,1,1,0,0,1,1,0
heeft een tachograaf,has a tachometer,4,0,0,0,0,0,1,0,0,0,0,0,0,0,0,0,0,0,0,0,0,0,0,0,0,0,0,0,0,1,0
heeft een zadel,has a saddle,16,0,0,1,1,0,0,0,0,0,1,1,0,0,0,0,0,0,0,1,0,0,0,0,0,0,0,0,0,0,0
heeft een zeil,has a sail,9,0,1,0,0,0,0,0,0,0,0,0,0,0,0,0,0,0,0,0,0,0,0,0,0,0,0,0,0,0,0
heeft een zware motor,has a heavy engine,4,0,1,0,0,1,1,0,0,1,0,0,0,1,0,0,0,0,0,1,1,0,0,0,0,1,0,0,1,1,0
heeft elektrische leidingen bovenaan,has electrical wiring on the top,4,0,0,0,0,0,0,0,0,0,0,0,0,0,0,0,0,0,1,0,0,0,0,0,0,0,1,1,0,0,0
heeft felle kleuren,has bright colors,5,0,0,0,0,0,0,0,0,0,0,1,0,0,0,0,0,1,0,0,0,1,0,0,0,0,0,0,0,0,0
heeft geen dak,has no roof,7,0,1,1,1,0,0,0,0,0,1,1,0,0,0,1,0,1,0,1,0,1,1,1,0,1,0,0,0,0,0
heeft geen motor,has no engine,5,0,0,0,0,0,0,0,1,0,1,1,0,0,0,1,1,1,1,0,0,1,1,1,0,0,1,1,0,0,0
heeft grote banden,has big tires,8,0,0,1,0,1,1,0,0,0,1,0,0,0,0,0,0,0,0,0,0,0,0,0,0,1,0,0,0,1,0
heeft grote wielen,has big wheeles,11,0,0,1,0,1,1,0,0,0,1,0,0,0,0,1,1,0,0,0,0,0,0,0,0,1,0,0,0,1,0
heeft ijzer onderaan,has iron on the bottom,4,0,0,0,0,0,0,0,0,0,0,0,0,0,0,0,0,0,0,0,0,0,1,0,0,0,0,0,0,0,0
heeft kleine ramen,has small windows,4,0,1,0,0,0,0,0,1,1,0,0,0,0,0,0,0,0,0,0,1,0,0,0,0,0,0,0,1,0,0
heeft kleine wielen,has small wheels,8,0,0,0,0,0,0,0,0,0,0,0,1,0,0,0,0,0,1,0,0,1,0,1,0,0,1,1,1,0,0
heeft lichten,has lights,11,1,0,1,1,1,1,1,1,1,1,0,1,0,1,0,0,0,1,1,0,0,0,0,1,1,1,1,1,1,0
heeft meestal een cruise-control-systeem (automatische piloot),usually has a cruise control system (auto-pilot),5,0,1,0,0,0,0,0,0,1,0,0,0,0,0,0,0,0,0,0,1,0,0,0,0,0,0,0,1,0,0
heeft minstens 4 wielen,has at least 4 wheels,15,1,0,0,0,1,1,1,1,0,0,1,0,0,1,0,1,0,1,0,0,1,0,0,1,0,1,1,0,1,0
heeft palen om je vast te houden,has poles to hold on to,5,0,0,0,0,1,0,0,0,0,0,0,0,0,0,0,0,0,1,0,0,0,0,0,0,0,1,0,0,0,0
heeft pedalen,has pedals,16,1,0,1,1,1,1,1,0,0,1,1,0,0,1,0,0,0,0,1,0,0,0,0,1,1,0,0,0,1,0
heeft propeller,has a propellor,6,0,1,0,0,0,0,0,0,1,0,0,1,1,0,0,0,0,0,0,0,0,0,0,0,0,0,0,1,0,1
heeft ramen,has windows,4,1,1,0,0,1,1,1,1,1,0,0,1,1,1,0,1,0,1,0,1,0,0,0,1,1,1,1,1,1,1
heeft rokers- en niet-rokersruimtes,has a smoking and non-smoking space,4,0,1,0,0,0,0,0,0,0,0,0,0,0,0,0,0,0,0,0,0,0,0,0,0,0,0,1,0,0,0
heeft schuifdeuren,has a sliding door,7,0,0,0,0,0,0,1,0,0,0,0,0,0,0,0,0,0,0,0,0,0,0,0,0,0,0,0,0,0,0
heeft stinkende uitlaatgassen,has stinking fumes,6,1,1,1,1,1,1,1,0,0,0,0,0,0,1,0,0,0,0,1,0,0,0,0,1,1,0,0,0,1,0
heeft versnellingen,has gears,5,1,1,1,1,1,1,1,0,1,1,0,0,1,1,0,0,0,1,1,0,0,0,0,1,1,1,1,0,1,0
heeft vleugels,has wings,9,0,0,0,0,0,0,0,0,0,0,0,0,0,0,0,0,0,0,0,0,0,0,0,0,0,0,0,1,0,0
heeft voorrang in het verkeer,has priority (right of way) in traffic,9,0,0,0,0,0,0,0,0,0,0,0,0,0,0,0,0,0,0,0,0,0,0,0,0,0,0,1,0,0,0
heeft wagons,has wagons,14,0,0,0,0,0,0,0,0,0,0,0,0,0,0,0,0,0,1,0,0,0,0,0,0,0,1,1,0,0,0
heeft wielen,has wheels,62,1,0,1,1,1,1,1,1,0,1,1,1,0,1,1,1,0,1,1,0,1,0,1,1,1,1,1,1,1,0
heeft zandzakjes,has sandbags,6,0,0,0,0,0,0,0,0,0,0,0,0,0,0,0,0,0,0,0,0,0,0,0,0,0,0,0,0,0,0
heeft zitjes,has seats,24,1,1,0,0,1,1,1,1,1,0,0,1,1,1,0,0,0,1,0,0,0,0,0,1,0,1,1,1,1,1
helm dragen is verplicht,wearing a helmet is obligatory,17,0,0,0,0,0,0,0,0,0,0,0,0,0,0,0,0,0,0,1,0,0,0,0,0,0,0,0,0,0,0
het gebruiken geeft een kick,using it gives you a kick,4,0,0,0,0,0,0,0,0,0,0,0,0,0,0,0,0,1,0,1,1,0,0,0,0,0,0,0,0,0,1
het gebruiken is leuk,using it is fun,12,0,0,0,0,0,0,0,1,0,1,1,0,0,0,0,1,1,0,0,0,1,1,1,0,0,0,0,0,0,1
het is er druk,is busy,6,0,0,0,0,1,0,0,0,0,0,0,0,0,0,0,0,0,1,0,0,0,0,0,0,0,1,1,0,0,0
het is er meestal warm in,is often hot inside,4,1,0,0,0,1,0,0,0,0,0,0,0,0,0,0,0,0,0,0,0,0,0,0,1,0,1,1,1,0,0
het is in de mode,in in style,13,0,0,0,0,0,0,0,0,0,0,0,0,0,0,0,0,0,0,0,0,0,0,1,0,0,0,0,0,0,0
het is moeilijk om het te leren gebruiken,is hard to learn to use it,4,0,0,0,0,0,0,0,0,0,0,0,0,0,0,0,0,0,0,1,1,0,0,0,0,0,0,0,1,0,0
het oogt stoer,looks tough,7,0,0,0,0,0,0,0,0,0,0,0,0,0,0,0,0,0,0,1,0,0,0,0,0,0,0,0,0,0,0
het weegt veel,weighs much,18,0,1,0,0,1,1,0,0,1,0,0,1,1,0,0,1,0,1,0,1,0,0,0,0,1,1,1,1,1,0
is bedrukt met de naam van bedrijf,has the name of a company printed on it,4,0,0,0,0,1,1,1,0,0,0,0,0,0,0,0,0,0,0,0,0,0,0,0,1,0,1,1,1,1,0
is bemand,is manned,4,0,1,0,0,0,0,0,0,1,0,0,1,1,0,0,0,0,0,0,1,0,0,0,0,0,0,0,1,0,1
is bruin,is brown,6,0,0,0,0,0,0,0,0,0,0,0,0,0,1,0,1,0,0,0,0,0,1,0,0,0,0,0,0,0,0
is comfortabel,is comfortable,5,1,0,0,0,0,0,1,1,0,0,0,0,1,0,0,0,0,0,0,0,0,0,0,1,0,0,1,1,0,0
is cool,is cool,4,0,0,0,0,0,0,0,0,0,0,0,0,0,0,0,0,0,0,1,0,1,0,0,0,0,0,0,0,0,0
is duur,is expensive,57,1,1,0,0,1,1,1,1,1,0,0,1,1,1,0,0,0,1,1,1,0,0,0,1,1,1,1,1,1,1
is een auto,is a car,21,1,0,0,0,0,0,0,0,0,0,0,0,0,1,0,0,0,0,0,0,0,0,0,1,0,0,0,0,0,0
is een boot,is a boat,8,0,1,0,0,0,0,0,0,1,0,0,0,1,0,0,0,0,0,0,0,0,0,0,0,0,0,0,0,0,0
is een gemotoriseerde fiets,is a motorized bicycle,5,0,0,1,0,0,0,0,0,0,0,0,0,0,0,0,0,0,0,0,0,0,0,0,0,0,0,0,0,0,0
is een huis op wielen,is a house on wheels,4,0,0,0,0,0,0,0,1,0,0,0,0,0,0,0,0,0,0,0,0,0,0,0,0,0,0,0,0,0,0
is een huisje,is a little house,4,0,0,0,0,0,0,0,1,0,0,0,0,0,0,0,0,0,0,0,0,0,0,0,0,0,0,0,0,0,0
is een plank,is a board,5,0,0,0,0,0,0,0,0,0,0,0,0,0,0,0,0,0,0,0,0,1,0,0,0,0,0,0,0,0,0
is een plank op wielen,is a board on wheels,6,0,0,0,0,0,0,0,0,0,0,0,0,0,0,0,0,0,0,0,0,1,0,0,0,0,0,0,0,0,0
is een synoniem voor ar,is a synonym for horse-sleigh,4,0,0,0,0,0,0,0,0,0,0,0,0,0,0,0,0,0,0,0,0,0,1,0,0,0,0,0,0,0,0
is een technologische hoogstandje,is a technological tour de force,4,0,0,0,0,0,0,0,0,0,0,0,0,0,0,0,0,0,0,0,1,0,0,0,0,0,0,0,0,0,0
is een transportmiddel,is a means of transportation,130,1,1,1,1,1,1,1,1,1,1,1,1,1,1,1,1,1,1,1,1,1,1,1,1,1,1,1,1,1,1
is een transportmiddel op water,is a verhicle on water,6,0,1,0,0,0,0,0,0,1,0,0,0,1,0,0,0,0,0,0,0,0,0,0,0,0,0,0,0,0,0
is een tv-programma,is a television programme,6,0,0,0,0,0,0,0,0,0,0,0,0,0,0,0,0,0,0,0,0,0,0,0,0,0,0,0,0,0,1
is een voertuig,is a vehicle,64,1,1,1,1,1,1,1,1,1,1,1,1,1,1,1,1,1,1,1,1,1,1,1,1,1,1,1,1,1,1
is een vrachtwagen,is a lorry,7,0,0,0,0,0,1,0,0,0,0,0,0,0,0,0,0,0,0,0,0,0,0,0,0,0,0,0,0,1,0
is een wagen,is a car,5,1,0,0,0,1,1,1,0,0,0,0,0,0,1,0,0,0,0,0,0,0,0,0,1,0,0,0,0,1,0
is geel,is yellow,18,0,0,0,0,0,0,0,0,0,0,0,0,0,0,0,0,0,0,0,0,0,0,0,1,0,1,0,0,0,0
is geliefd bij Nederlanders,is popular in the Netherlands,6,0,0,0,0,0,0,0,1,0,0,0,0,0,0,0,0,0,0,0,0,0,0,0,0,0,0,0,0,0,0
is gemaakt van hout of metaal,is made of wood or metal,4,0,1,0,0,0,0,0,0,0,0,0,0,0,0,1,1,0,0,0,0,0,1,0,0,0,0,0,0,0,0
is gemaakt van staal,is made of steel,4,1,0,1,1,1,1,1,0,1,1,1,1,0,1,0,0,0,1,1,1,0,0,1,1,1,1,1,1,1,0
is geschilderd,is painted,7,1,1,1,1,1,1,1,1,1,1,1,1,1,1,1,1,0,1,1,1,1,0,1,1,1,1,1,1,1,0
is gevaarlijk,is dangerous,41,1,0,0,0,0,1,1,0,0,0,0,0,0,0,0,0,0,0,1,1,1,0,0,0,0,0,0,0,1,0
is gevaarlijk in het verkeer,is dangerous in traffic,6,1,0,1,1,1,1,1,1,0,1,1,0,0,1,0,0,0,0,1,0,1,0,0,1,0,1,0,0,1,0
is gevuld met hete lucht,is filled with hot air,19,0,0,0,0,0,0,0,0,0,0,0,0,0,0,0,0,1,0,0,0,0,0,0,0,0,0,0,0,0,0
is gezellig,is pleasant,4,1,0,0,0,0,0,1,1,0,0,0,0,0,0,0,1,1,0,0,0,0,0,0,0,0,0,0,0,0,0
is goedkoop,is cheap,7,0,0,0,0,1,0,0,0,0,0,0,0,0,0,0,0,0,1,0,0,0,0,0,0,0,1,0,0,0,0
is grijs,is grey,4,0,0,0,0,0,0,0,0,1,0,0,0,0,0,0,0,0,0,0,0,0,0,0,0,0,0,0,0,0,0
is groen,is green,8,0,0,0,0,0,0,0,0,1,0,0,0,0,1,0,0,0,0,0,0,0,0,0,0,0,0,0,0,0,0
is groot,is big,74,0,1,0,0,1,1,0,0,1,0,0,0,0,0,0,0,1,0,0,1,0,0,0,0,0,0,1,1,1,1
is groot en zwaar,is big and heavy,5,0,1,0,0,1,1,0,0,1,0,0,0,1,0,0,1,0,1,0,1,0,0,0,0,1,1,1,1,1,1
is groot of klein,is big or small,7,1,1,0,0,1,1,0,1,1,1,1,1,1,0,1,1,1,0,0,1,0,1,0,0,1,0,0,1,1,0
is groter dan een auto,is bigger than a car,13,0,0,0,0,1,1,1,1,1,0,0,1,1,1,0,1,1,1,0,1,0,0,0,0,1,1,1,1,1,1
is handig,comes in very handy,9,1,1,1,1,1,1,1,0,1,1,0,1,1,1,1,0,0,1,1,0,0,0,0,1,1,1,1,1,1,0
is handig om files te vermijden,comes in very handy when trying to avoid a traffic jam,4,0,0,1,1,0,0,0,0,0,1,0,0,0,0,0,0,0,1,1,0,0,0,0,0,0,0,1,0,0,0
is hoog,is tall,9,0,0,0,0,0,0,0,0,0,0,0,0,0,0,0,0,1,0,0,1,0,0,0,0,0,0,0,0,0,1
is klein,is small,10,0,0,0,0,0,0,0,0,0,0,0,0,0,0,0,0,0,0,0,0,1,0,0,0,0,0,0,0,0,0
is kleiner dan een vrachtwagen,is smaller than a lorry,5,1,0,0,1,0,0,1,1,0,1,1,1,0,1,1,1,0,0,1,0,1,1,1,1,1,0,0,0,0,0
is lang,is long,9,0,1,0,0,1,0,0,0,1,0,0,0,1,0,0,0,0,1,0,0,0,0,0,0,0,1,1,0,0,0
is langwerpig,is elongated,13,0,0,0,0,1,0,0,0,1,0,0,0,0,0,0,0,0,1,0,1,1,1,0,0,0,1,1,0,0,0
is milieuvervuilend,is polluting,30,1,1,1,1,1,1,1,0,1,0,0,1,1,1,0,0,1,0,1,1,0,0,0,1,1,0,0,1,1,1
is milieuvriendelijk,is environmentally friendly,7,0,0,0,0,0,0,0,0,0,1,1,0,0,0,1,1,0,1,0,0,1,1,1,0,0,1,1,0,0,0
is moeilijk te besturen,is hard to drive,5,0,0,0,0,0,0,0,0,0,0,0,1,0,0,0,0,0,0,0,0,0,0,0,0,0,0,0,1,0,0
is mooi,is beautiful,8,0,1,0,0,0,0,0,0,1,0,0,0,0,0,0,1,1,0,0,1,0,1,0,0,0,0,0,1,0,1
is ontspannend,is relaxing,7,0,0,0,0,0,0,0,1,0,0,1,0,0,0,0,1,0,0,0,0,0,1,0,0,0,0,0,0,0,0
is ovaal,is oval,7,0,0,0,0,0,0,0,0,0,0,0,0,0,0,0,0,0,0,0,0,0,0,0,0,0,0,0,0,0,1
is rechthoekig,is rectangular,4,0,0,0,0,1,0,0,0,0,0,0,0,0,0,0,0,0,1,0,0,0,0,0,0,0,1,1,0,0,0
is romantisch,is romantic,5,0,1,0,0,0,0,0,0,0,0,0,0,0,0,0,1,0,0,0,0,0,0,0,0,0,0,0,0,0,0
is sneller dan een fiets,is faster than a bycicle,9,1,1,1,1,1,1,1,1,0,0,0,1,1,1,0,0,0,1,1,1,0,0,0,1,0,1,1,1,1,0
is speelgoed,is a toy,24,0,0,0,0,0,0,0,0,0,0,1,0,0,0,0,0,0,0,0,0,1,1,1,0,0,0,0,0,0,0
is stevig,is firm,7,0,0,0,0,1,1,0,0,1,0,0,0,0,0,0,0,0,0,0,1,0,0,0,0,1,0,0,0,1,0
is trager dan een auto,is slower than a car,5,0,1,1,1,1,1,1,1,1,1,1,0,0,0,1,1,1,1,0,0,1,1,1,0,1,1,0,0,1,1
is vaak te laat,is often belated,4,0,0,0,0,1,0,0,0,0,0,0,0,0,0,0,0,0,0,0,0,0,0,0,0,0,0,1,0,0,0
is van Amerikaanse oorsprong,is of American origin,6,0,0,0,0,0,0,0,0,0,0,1,0,0,0,0,0,0,0,0,0,0,0,0,0,0,0,0,0,0,0
is van De Lijn,belongs to De lijn (public transportation firm in Flanders),11,0,0,0,0,1,0,0,0,0,0,0,0,0,0,0,0,0,0,0,0,0,0,0,0,0,1,0,0,0,0
is van ijzer,is made of iron,16,1,0,0,0,1,1,1,0,0,0,0,0,0,1,0,0,0,1,0,1,0,0,0,1,1,1,1,0,1,0
is vermoeiend om te gebruiken,is tiring to use,6,0,0,0,0,0,0,0,0,0,1,1,0,0,0,0,0,0,0,0,0,1,1,1,0,0,0,0,0,0,0
is voor 1 persoon,is for 1 person,6,0,0,1,1,0,0,0,0,0,1,0,0,0,0,0,0,0,0,1,0,1,0,1,0,1,0,0,0,0,0
is voor 2 personen,is for 2 people,9,0,0,0,0,0,1,0,0,0,0,0,0,0,1,0,0,0,0,1,0,0,1,0,0,0,0,0,0,1,0
is voor het plezier,is for fun,6,0,1,0,0,0,0,0,1,0,0,1,0,0,0,0,1,1,0,1,0,1,1,1,0,0,0,0,0,0,0
is voor meerdere personen,is for multiple persons,38,1,1,0,0,1,1,1,1,1,0,1,1,1,1,0,1,1,1,0,1,0,0,0,1,0,1,1,1,1,1
is voor minstens 1 persoon,is for at least 1 person,4,1,1,1,1,1,1,1,1,1,1,1,1,1,1,1,1,1,1,1,1,1,1,1,1,1,1,1,1,1,1
is voor weinig personen,is for few persons,5,1,0,1,1,0,1,0,1,1,1,1,1,0,1,1,1,1,0,1,1,1,1,1,1,1,0,0,0,1,1
is vuil,is dirty,6,0,0,0,0,0,0,0,0,0,0,0,0,0,0,0,0,0,0,0,0,0,0,0,0,0,0,0,0,0,0
is wit,is white,16,0,0,0,0,0,0,0,1,0,0,0,0,1,0,0,0,0,0,0,0,0,0,0,0,0,0,0,1,0,0
is zwaar,is heavy,5,1,1,0,0,1,1,1,1,1,0,0,1,1,1,1,1,1,1,1,1,0,0,0,1,1,1,1,1,1,1
is zwart,is black,7,0,0,0,0,0,0,0,0,0,0,0,0,0,0,0,0,0,0,1,0,0,0,0,1,0,0,0,0,0,0
je kan er iemand mee doden,you can kill someone with it,4,1,0,1,1,1,1,1,0,0,0,0,0,0,1,0,0,0,0,1,0,0,0,0,1,0,1,1,0,1,0
je kan er kunstjes mee doen,you can do tricks with it,5,1,0,0,0,0,0,0,0,0,1,0,0,0,0,0,0,0,0,1,0,1,0,0,0,0,0,0,1,0,0
je kan er mee vallen,you can fall with it,4,0,0,1,1,0,0,0,0,0,1,0,0,0,0,0,0,0,0,1,0,1,0,1,0,0,0,0,0,0,0
je kan er ziek op worden,you can get sick on it,7,0,1,0,0,0,0,0,0,0,0,0,0,1,0,0,0,0,0,0,0,0,0,0,0,0,0,0,0,0,0
je kan erin wonen,you can live in it,12,0,1,0,0,0,0,0,1,0,0,0,0,0,0,0,0,0,0,0,0,0,0,0,0,0,0,0,0,0,0
je kan het bestellen door ernaar te bellen,you can order it by calling it,5,0,0,0,0,0,0,0,0,0,0,0,0,0,0,0,0,0,0,0,0,0,0,0,1,0,0,0,0,0,0
je kan je ermee verwonden,you can get injured by it,4,0,0,0,0,0,0,0,0,0,0,0,0,0,0,0,0,0,0,0,0,1,0,0,0,0,0,0,0,0,0
je moet ervoor betalen,you have to pay for it,16,0,1,0,0,1,0,0,0,0,0,1,0,1,0,0,1,1,1,0,0,0,0,0,1,0,1,1,1,0,0
je moet met 1 voet afduwen om vooruit te komen,you have to push with 1 foot to get ahead,6,0,0,0,0,0,0,0,0,0,0,0,0,0,0,0,0,0,0,0,0,1,0,1,0,0,0,0,0,0,0
je moet niet trappen,you don't have to peddle,4,1,1,1,1,1,1,1,1,1,0,0,1,1,1,1,1,1,1,1,1,1,1,1,1,1,1,1,1,1,1
je moet rechtstaan,you have to stand up,6,0,0,0,0,0,0,0,0,0,0,0,0,0,0,0,0,1,0,0,0,1,0,1,0,0,0,0,0,0,0
je moet trappen,you have to peddle,5,0,0,1,0,0,0,0,0,0,1,1,0,0,0,0,0,0,0,0,0,0,0,0,0,0,0,0,0,0,0
je moet zitten,you have to sit,13,1,0,1,1,1,1,1,1,0,1,1,1,1,1,0,1,0,1,1,0,0,1,0,1,1,1,1,1,1,0
je rijdt ermee op het fietspad,you ride it on the cycle path,7,0,0,1,1,0,0,0,0,0,1,1,0,0,0,0,0,0,0,0,0,1,0,1,0,0,0,0,0,0,0
je staat met 1 been op de plank,you're standing with 1 leg on the board,4,0,0,0,0,0,0,0,0,0,0,0,0,0,0,0,0,0,0,0,0,1,0,0,0,0,0,0,0,0,0
je ziet het in Brugge,you can see it in Bruge,5,0,0,0,0,0,0,0,0,0,0,0,0,0,0,0,1,0,0,0,0,0,0,0,0,0,0,0,0,0,0
je ziet het in de zee,you can see it in the sea,7,0,1,0,0,0,0,0,0,1,0,0,0,1,0,0,0,0,0,0,0,0,0,0,0,0,0,0,0,0,0
je ziet het in grootsteden,you can see it in big cities,18,1,0,0,1,1,1,1,0,0,0,0,0,0,0,0,0,0,1,1,0,0,0,0,1,0,1,1,0,1,0
je ziet het niet vaak,you don't see it frequently,5,0,0,1,0,0,0,0,0,1,0,0,0,1,1,0,1,0,0,0,1,0,0,0,0,0,0,0,0,0,1
je ziet het vooral in de stad,you especially see it in the city,14,0,0,0,0,0,0,0,0,0,0,0,0,0,0,0,0,0,1,0,0,0,0,0,1,0,1,0,0,0,0
je ziet het vooral 's nachts,you especially see it at night,5,0,0,0,0,0,0,0,0,0,0,0,0,0,0,0,0,0,0,0,0,0,0,0,0,0,0,0,1,0,0
je zit er hoger in dan in een auto,you're sitting higher in it than in a car,5,0,0,0,0,1,1,1,0,0,0,0,0,0,0,0,1,0,0,0,0,0,0,0,0,1,0,0,0,1,0
kan aan een auto gekoppeld worden,can be connected to a car,12,1,0,0,0,0,0,0,1,0,0,0,0,0,0,1,0,0,0,0,0,0,0,0,0,0,0,0,0,0,0
kan glijden,can slide,6,0,1,0,0,0,0,0,0,1,0,0,0,1,0,0,0,0,0,0,0,0,1,0,0,0,0,0,0,0,0
kan in de file staan,can stand in queue,5,1,0,0,0,1,1,1,1,0,0,0,0,0,1,0,1,0,0,0,0,0,0,0,1,1,1,0,0,1,0
kan luxueus zijn,can be luxurious,6,1,1,0,0,0,0,0,1,0,0,0,0,0,0,0,1,0,0,0,0,0,0,0,1,0,0,1,1,0,0
kan neerstorten,can crash,15,0,0,0,0,0,0,0,0,0,0,0,1,0,0,0,0,1,0,0,1,0,0,0,0,0,0,0,1,0,1
kan ontploffen,can explode,11,1,1,1,1,1,1,1,0,1,0,0,1,1,1,0,0,1,0,1,1,0,0,0,1,1,0,0,1,1,1
kan op moeilijke wegen rijden,can drive on rough roads,4,0,0,0,0,0,0,0,0,0,0,0,0,0,1,0,0,0,0,0,0,0,0,0,0,0,0,0,0,0,0
kan statussymbool zijn,can be a status symbol,5,1,1,0,0,0,0,0,0,0,0,0,0,0,0,0,0,0,0,1,0,0,0,0,0,0,0,0,0,0,0
kan stoom produceren,can produce steam,4,0,1,0,0,0,0,0,0,0,0,0,0,0,0,0,0,0,0,0,0,0,0,0,0,0,0,1,0,0,0
kan zinken,can sink,9,0,1,0,0,0,0,0,0,1,0,0,0,1,0,0,0,0,0,0,0,0,0,0,0,0,0,0,0,0,0
komt vaak voor in films,occurs often in films,8,1,0,0,0,0,0,0,0,0,0,0,0,0,0,0,1,0,0,0,0,0,0,0,0,0,0,0,0,0,0
komt voor in Assepoester,featured in Cinderella,4,0,0,0,0,0,0,0,0,0,0,0,0,0,0,0,1,0,0,0,0,0,0,0,0,0,0,0,0,0,0
komt voor in Kuifje,featured in Tintin,4,0,0,0,0,0,0,0,0,0,0,0,0,0,0,0,0,0,0,0,1,0,0,0,0,0,0,0,0,0,0
lijkt op een fiets,ressembles a bike,5,0,0,1,1,0,0,0,0,0,0,0,0,0,0,0,0,0,0,0,0,0,0,0,0,0,0,0,0,0,0
lijkt op een trein,ressembles a train,6,0,0,0,0,0,0,0,0,0,0,0,0,0,0,0,0,0,1,0,0,0,0,0,0,0,1,1,0,0,0
maakt een brommend geluid,makes a humming sound,4,0,0,1,1,0,0,0,0,0,0,0,0,0,0,0,0,0,0,1,0,0,0,0,0,0,0,0,0,0,0
maakt een ronkend geluid,makes a humming sound,9,1,1,1,1,1,1,1,0,0,0,0,0,1,1,0,0,0,0,1,0,0,0,0,1,1,0,0,0,1,0
maakt lawaai,produces noise,73,1,1,1,1,1,1,1,0,1,0,0,1,1,1,0,0,1,1,1,1,0,0,0,1,1,1,1,1,1,1
maakt veel geluid,produces a lot of sound,9,0,0,0,0,1,1,0,0,0,0,0,1,0,0,0,0,0,0,1,1,0,0,0,0,0,0,0,1,1,0
maakt veel wind,produces a lot of wind,5,0,0,0,0,0,0,0,0,0,0,0,1,0,0,0,0,0,0,0,0,0,0,0,0,0,0,0,0,0,0
mag bestuurd worden vanaf 16 jaar,can be operated from the age of 16,9,0,0,1,1,0,0,0,0,0,0,0,0,0,0,0,0,0,0,0,0,0,0,0,0,0,0,0,0,0,0
mag bestuurd worden vanaf 18 jaar,can be operated from the age of 18,4,1,0,0,0,1,1,1,0,0,0,0,1,0,1,0,0,0,1,1,0,0,0,0,1,1,1,1,1,1,0
meert aan in een haven,arrives in a port,5,0,1,0,0,0,0,0,0,1,0,0,0,1,0,0,0,0,0,0,0,0,0,0,0,0,0,0,0,0,0
produceert uitlaatgassen,produces fumes,9,1,1,1,1,1,1,1,0,0,0,0,0,1,1,0,0,0,0,1,1,0,0,0,1,1,0,0,1,1,0
reed vroeger op stoom,used to run on steam,5,0,1,0,0,0,0,0,0,0,0,0,0,0,0,0,0,0,0,0,0,0,0,0,0,0,0,1,0,0,0
rijdt bovengronds,drives above the ground,4,1,0,1,1,1,1,1,1,0,1,1,0,0,1,1,1,0,0,1,0,1,0,1,1,1,1,1,0,1,0
rijdt meestal op rechtse baanvak op autosnelweg,usually drives on the right side of a highway,8,1,0,0,0,1,1,1,1,0,0,0,0,0,1,0,0,0,0,1,0,0,0,0,1,0,0,0,0,1,0
rijdt ondergronds,drives under ground,19,0,0,0,0,0,0,0,0,0,0,0,0,0,0,0,0,0,1,0,0,0,0,0,0,0,0,0,0,0,0
rijdt op de autosnelweg,drives on a highway,11,1,0,0,0,1,1,1,1,0,0,0,0,0,1,0,0,0,0,1,0,0,0,0,1,0,0,0,0,1,0
rijdt op de weg,drives on a road,13,1,0,0,1,1,1,1,1,0,1,1,0,0,1,1,1,0,0,1,0,1,0,1,1,1,1,0,0,1,0
rijdt op een veld,drives on fields,4,0,0,0,0,0,0,0,0,0,0,0,0,0,0,0,0,0,0,0,0,0,0,0,0,1,0,0,0,0,0
rijdt op het land,drives on land,4,1,0,1,1,1,1,1,1,0,1,1,0,0,1,1,1,0,0,1,0,1,0,1,1,1,1,1,0,1,0
rijdt op rails,rides on rails,44,0,0,0,0,0,0,0,0,0,0,0,0,0,0,0,0,0,1,0,0,0,0,0,0,0,1,1,0,0,0
rijdt personen omver,hits persons (while driving),5,1,0,1,1,1,1,1,0,0,1,1,0,0,1,0,0,0,0,1,0,1,0,0,1,0,1,0,0,1,0
rolt,rolls,5,0,0,0,0,0,0,0,0,0,0,0,0,0,0,0,0,0,0,0,0,1,0,0,0,0,0,0,0,0,0
staat op een camping,can be found on a camping,12,0,0,0,0,0,0,0,1,0,0,0,0,0,0,0,0,0,0,0,0,0,0,0,0,0,0,0,0,0,0
stijgt vertikaal op,takes off vertically,4,0,0,0,0,0,0,0,0,0,0,0,1,0,0,0,0,1,0,0,1,0,0,0,0,0,0,0,0,0,1
stinkt,stinks,5,1,1,1,1,1,1,1,0,0,0,0,0,0,1,0,0,0,0,1,0,0,0,0,1,1,0,0,0,1,0
stopt aan haltes,stops at fixed stops (fixed places),10,0,0,0,0,1,0,0,0,0,0,0,0,0,0,0,0,0,1,0,0,0,0,0,0,0,1,0,0,0,0
stopt in een station,stops in a station,14,0,0,0,0,0,0,0,0,0,0,0,0,0,0,0,0,0,1,0,0,0,0,0,0,0,0,1,0,0,0
transporteert goederen,transports goods,50,1,1,0,0,0,1,1,1,0,0,0,1,1,1,1,1,0,0,0,1,0,0,0,0,1,0,1,1,1,0
transporteert illegalen,transports illegal immigrants,5,0,1,0,0,0,1,0,0,0,0,0,0,0,0,0,0,0,0,0,0,0,0,0,0,0,0,0,0,1,0
transporteert kinderen,transports children,13,1,0,0,0,1,0,0,0,0,0,0,0,0,0,0,0,0,0,0,0,0,0,0,0,0,1,0,0,0,0
transporteert personen,transports persons,62,1,1,1,1,1,1,1,1,1,1,1,1,1,1,0,1,1,1,1,1,1,1,1,1,1,1,1,1,1,1
transporteert personen of goederen,transports persons or goods,17,1,1,1,1,1,1,1,1,1,1,1,1,1,1,1,1,1,1,1,1,1,1,1,1,1,1,1,1,1,1
vaart,sails,10,0,1,0,0,0,0,0,0,1,0,0,0,1,0,0,0,0,0,0,0,0,0,0,0,0,0,0,0,0,0
vaart onder water,moves/sails under water,15,0,0,0,0,0,0,0,0,1,0,0,0,0,0,0,0,0,0,0,0,0,0,0,0,0,0,0,0,0,0
vaart op water,moves/sails on the water,14,0,1,0,0,0,0,0,0,0,0,0,0,1,0,0,0,0,0,0,0,0,0,0,0,0,0,0,0,0,0
vaart op zee of ander water,moves/sails on the sea or on another water,4,0,1,0,0,0,0,0,0,1,0,0,0,1,0,0,0,0,0,0,0,0,0,0,0,0,0,0,0,0,0
veel personen vinden het beangstigend,often found to be frightening,4,0,0,0,0,0,0,0,0,1,0,0,0,0,0,0,0,0,0,0,1,0,0,0,0,0,0,0,1,0,0
verbruikt brandstof,uses fuel,22,1,1,1,1,1,1,1,0,1,0,0,1,1,1,0,0,1,0,1,1,0,0,0,1,1,0,0,1,1,1
verbruikt gas,uses gas,6,0,0,0,0,0,0,0,0,0,0,0,0,0,0,0,0,1,0,0,0,0,0,0,0,0,0,0,0,0,1
verbruikt kerosine,uses kerosine,7,0,0,0,0,0,0,0,0,0,0,0,1,0,0,0,0,0,0,0,1,0,0,0,0,0,0,0,1,0,0
vereist een speciaal rijbewijs,requires a special drivers licence,12,0,0,0,0,1,1,0,0,0,0,0,0,0,0,0,0,0,0,1,0,0,0,0,0,0,0,0,0,1,0
vereist geen rijbewijs,drivers licence not required,16,0,1,1,1,0,0,0,0,1,1,1,1,1,0,1,1,1,1,0,1,1,1,1,0,1,1,1,1,0,1
veroorzaakt files,causes traffic jams,4,1,0,0,0,0,1,0,0,0,0,0,0,0,0,0,0,0,0,0,0,0,0,0,0,1,0,0,0,1,0
veroorzaakt ongelukken,causes accidents,28,1,0,1,1,1,1,1,0,0,1,0,0,0,0,0,0,0,0,1,0,0,0,0,0,0,0,0,0,1,0
vertrekt op een luchthaven,leaves from airport,7,0,0,0,0,0,0,0,0,0,0,0,0,0,0,0,0,0,0,0,0,0,0,0,0,0,0,0,1,0,0
vliegt,flies,43,0,0,0,0,0,0,0,0,0,0,0,1,1,0,0,0,1,0,0,1,0,0,0,0,0,0,0,1,0,1
vliegt hoog in de lucht,flies high in the sky,10,0,0,0,0,0,0,0,0,0,0,0,1,0,0,0,0,1,0,0,1,0,0,0,0,0,0,0,1,0,1
vliegt in de lucht,flies in the sky,21,0,0,0,0,0,0,0,0,0,0,0,1,0,0,0,0,1,0,0,1,0,0,0,0,0,0,0,1,0,1
vliegt laag,flies low,4,0,0,0,0,0,0,0,0,0,0,0,1,0,0,0,0,1,0,0,0,0,0,0,0,0,0,0,0,0,1
vuurt torpedo's af,fires torpedos,4,0,0,0,0,0,0,0,0,1,0,0,0,0,0,0,0,0,0,0,0,0,0,0,0,0,0,0,0,0,0
werd vroeger gebruikt,was used in the past,14,0,0,0,0,0,0,0,0,0,0,0,0,0,0,0,0,0,0,0,0,0,0,0,0,0,0,0,0,0,1
werkt op benzine,works on petrol,28,1,1,1,1,1,1,1,0,1,0,0,0,1,1,0,0,0,0,1,0,0,0,0,1,1,0,0,0,1,1
werkt op elektriciteit,works on electricity,17,0,0,0,0,0,0,0,0,0,0,0,0,0,0,0,0,0,1,0,0,0,0,0,0,0,1,1,0,0,0
wordt bemand door ruimtevaarders,manned by astronauts,9,0,0,0,0,0,0,0,0,0,0,0,0,0,0,0,0,0,0,0,1,0,0,0,0,0,0,0,0,0,0
wordt bestuurd door 1 persoon,driven by 1 person,4,1,1,1,1,1,1,1,0,1,1,1,0,1,1,0,1,1,1,1,0,1,1,1,1,1,1,1,0,1,0
wordt bestuurd door een kapitein,steered by a captain,11,0,1,0,0,0,0,0,0,1,0,0,0,1,0,0,0,0,0,0,0,0,0,0,0,0,0,0,0,0,0
wordt bestuurd door een koetsier,driven by a coachman,6,0,0,0,0,0,0,0,0,0,0,0,0,0,0,0,1,0,0,0,0,0,0,0,0,0,0,0,0,0,0
wordt bestuurd door een machinist,driven by an engine driver,6,0,0,0,0,0,0,0,0,0,0,0,0,0,0,0,0,0,1,0,0,0,0,0,0,0,1,1,0,0,0
wordt bestuurd door een piloot,operated by a pilot,18,0,0,0,0,0,0,0,0,0,0,0,1,0,0,0,0,0,0,0,0,0,0,0,0,0,0,0,1,0,0
wordt bestuurd door een tramchauffeur,driven by a troley driver,4,0,0,0,0,0,0,0,0,0,0,0,0,0,0,0,0,0,0,0,0,0,0,0,0,0,1,0,0,0,0
wordt bestuurd door een vrachtwagenchauffeur,driven by a truck driver,7,0,0,0,0,0,1,0,0,0,0,0,0,0,0,0,0,0,0,0,0,0,0,0,0,0,0,0,0,1,0
wordt bewoond door zigeuners,lived in by gipsies,6,0,0,0,0,0,0,0,0,0,0,0,0,0,0,0,1,0,0,0,0,0,0,0,0,0,0,0,0,0,0
wordt gebruik bij reddingsacties,used in rescue operations,9,0,1,0,0,0,0,0,0,0,0,0,1,0,0,0,0,0,0,0,0,0,0,0,0,0,0,0,0,0,0
wordt gebruikt bij het huwelijk,used for a wedding,4,0,0,0,0,0,0,0,0,0,0,0,0,0,0,0,1,0,0,0,0,0,0,0,0,0,0,0,0,0,0
wordt gebruikt bij sport,used in sports,7,1,1,0,0,0,0,0,0,0,1,0,0,0,0,0,0,1,0,1,0,0,0,0,0,0,0,0,0,0,0
wordt gebruikt door een boer,used by farmers,23,0,0,0,0,0,0,0,0,0,0,0,0,0,0,1,1,0,0,0,0,0,0,0,0,1,0,0,0,0,0
wordt gebruikt door iedereen,used by everybody,4,1,0,1,1,1,0,0,0,0,1,0,0,0,0,0,0,0,1,0,0,0,0,0,0,0,1,1,1,0,0
wordt gebruikt door kinderen,used by children,29,0,0,0,0,0,0,0,0,0,1,1,0,0,0,1,0,0,0,0,0,1,1,1,0,0,0,0,0,0,0
wordt gebruikt door politie,used by police men,5,1,1,0,0,0,0,0,0,0,1,0,1,0,0,0,0,0,0,1,0,0,0,0,0,0,0,0,0,0,0
wordt gebruikt door rijke personen,used by rich persons,6,0,0,0,0,0,0,0,0,0,0,0,0,0,0,0,0,0,0,0,0,0,0,0,1,0,0,0,0,0,0
wordt gebruikt door stoere mannen,used by strong men,4,0,0,0,0,0,1,0,0,0,0,0,0,0,0,0,0,0,0,1,0,0,0,0,0,0,0,0,0,1,0
wordt gebruikt door veel jongeren,used by young people,15,0,0,0,1,1,0,0,0,0,1,1,0,0,0,0,0,0,0,0,0,0,0,0,0,0,1,1,1,0,0
wordt gebruikt in de landbouw,used in farming,13,0,0,0,0,0,0,0,0,0,0,0,0,0,0,1,1,0,0,0,0,0,0,0,0,1,0,0,0,0,0
wordt gebruikt in de sneeuw,used in the snow,14,0,0,0,0,0,0,0,0,0,0,0,0,0,0,0,0,0,0,0,0,0,1,0,0,0,0,0,0,0,0
wordt gebruikt in de winter,used in winter,12,0,0,0,0,0,0,0,0,0,0,0,0,0,0,0,0,0,0,0,0,0,1,0,0,0,0,0,0,0,0
wordt gebruikt in de zomer,used in summer,5,0,0,0,0,0,0,0,1,0,0,1,0,0,0,0,0,1,0,0,0,0,0,0,0,0,0,0,0,0,0
wordt gebruikt in het leger,used in the army,10,0,0,0,0,0,1,0,0,1,0,0,1,0,1,0,0,0,0,0,0,0,0,0,0,0,0,0,1,1,1
wordt gebruikt om een reis rond de wereld te maken,used to travel around the world,8,0,1,0,0,0,0,1,0,0,1,0,0,0,0,0,0,1,0,1,0,0,0,0,0,0,0,0,1,0,0
wordt gebruikt om grond te bewerken,used to cultivate the soil,9,0,0,0,0,0,0,0,0,0,0,0,0,0,0,0,0,0,0,0,0,0,0,0,0,1,0,0,0,0,0
wordt gebruikt om naar andere planeten te vliegen,used to travel to other planets,21,0,0,0,0,0,0,0,0,0,0,0,0,0,0,0,0,0,0,0,1,0,0,0,0,0,0,0,0,0,0
wordt gebruikt om naar de maan te vliegen,used to fly to the moon,14,0,0,0,0,0,0,0,0,0,0,0,0,0,0,0,0,0,0,0,1,0,0,0,0,0,0,0,0,0,0
wordt gebruikt om te racen,used for racing,16,1,1,0,0,0,0,0,0,0,1,0,0,0,0,0,0,0,0,1,0,0,0,0,0,0,0,0,0,0,0
wordt gebruikt om te reizen,used for traveling,32,1,1,0,0,1,0,1,1,0,1,0,0,1,1,0,1,0,0,1,0,0,0,0,1,0,1,1,1,0,0
wordt gebruikt om te vissen,used for fishing,4,0,1,0,0,0,0,0,0,0,0,0,0,0,0,0,0,0,0,0,0,0,0,0,0,0,0,0,0,0,0
wordt gebruikt om zich onzichtbaar te verplaatsen,used to go somewhere invisibly,5,0,0,0,0,0,0,0,0,1,0,0,0,0,0,0,0,0,0,0,0,0,0,0,0,0,0,0,0,0,0
wordt gebruikt op de boerderij,used at farms,8,0,0,0,0,0,0,0,0,0,0,0,0,0,0,1,0,0,0,0,0,0,0,0,0,1,0,0,0,0,0
wordt gebruikt op een schans (of ramp),used at a ramp,13,0,0,0,0,0,0,0,0,0,0,0,0,0,0,0,0,0,0,0,0,1,0,0,0,0,0,0,0,0,0
wordt gebruikt tijdens de oorlog,used during war,24,0,0,0,0,0,0,0,0,1,0,0,1,0,1,0,0,0,0,0,1,0,0,0,0,0,0,0,1,0,1
wordt gebruikt voor korte afstanden,used for short distances,4,0,0,0,0,0,0,0,0,0,1,0,0,0,0,0,0,0,0,0,0,0,0,1,0,0,0,0,0,0,0
wordt gebruikt voor lange afstanden,used for long distances,17,1,1,0,0,1,1,1,0,1,0,0,1,1,1,0,0,0,0,1,1,0,0,0,0,0,0,1,1,1,0
wordt gebruikt voor onderzoek,used for research,4,0,0,0,0,0,0,0,0,1,0,0,0,0,0,0,0,0,0,0,1,0,0,0,0,0,0,0,0,0,0
wordt gebruikt voor safari,used for safari,6,0,0,0,0,0,0,0,0,0,0,0,0,0,1,0,0,0,0,0,0,0,0,0,0,0,0,0,0,0,0
wordt gebruikt voor wedstrijden,used for competitions,14,1,0,0,0,0,0,0,0,0,1,0,0,0,0,0,0,1,0,1,0,0,0,0,0,0,0,0,0,0,0
wordt gelanceerd,is launched,5,0,0,0,0,0,0,0,0,0,0,0,0,0,0,0,0,0,0,0,1,0,0,0,0,0,0,0,0,0,0
wordt niet veel gebruikt,not used much,7,0,0,1,0,0,0,0,0,0,0,0,0,0,0,0,1,0,0,0,0,0,1,0,0,0,0,0,0,0,1
wordt onderverdeeld in A-klasse en B-klasse,subdivided in A-class and B-class,4,0,0,0,1,0,0,0,0,0,0,0,0,0,0,0,0,0,0,0,0,0,0,0,0,0,0,0,0,0,0
wordt vaak beschilderd met grafitti,often covered with grafitti,6,0,0,0,0,0,0,0,0,0,0,0,0,0,0,0,0,0,0,0,0,0,0,0,0,0,1,1,0,0,0
wordt vaak gestolen,often stolen,8,1,0,0,1,0,0,0,0,0,1,0,0,0,0,0,0,0,0,0,0,0,0,0,0,0,0,0,0,0,0
wordt vaak overvallen,often robbed,4,0,0,0,0,0,0,0,0,0,0,0,0,0,0,0,1,0,0,0,0,0,0,0,0,0,0,0,0,0,0
wordt vooral gebruikt bij mooi weer,especially used with nice weather,10,0,0,0,0,0,0,0,1,0,1,1,0,0,0,0,1,1,0,1,0,1,0,1,0,0,0,0,0,0,1
wordt vooral gebruikt door jongens,especially used by boys,7,0,0,0,0,0,0,0,0,0,0,0,0,0,0,0,0,0,0,0,0,1,0,0,0,0,0,0,0,0,0
wordt voortgetrokken door honden,is drawn by dogs,5,0,0,0,0,0,0,0,0,0,0,0,0,0,0,0,0,0,0,0,0,0,1,0,0,0,0,0,0,0,0
wordt voortgetrokken door paarden,is drawn by horses,39,0,1,0,0,0,0,0,0,0,0,0,0,0,0,1,1,0,0,0,0,0,1,0,0,0,0,0,0,0,0
wordt voortgetrokken door rendieren,is drawn by reindeer,4,0,0,0,0,0,0,0,0,0,0,0,0,0,0,0,0,0,0,0,0,0,1,0,0,0,0,0,0,0,0
zie je vooral aan de kust,often seen at the coast,21,0,1,0,0,0,0,0,1,0,0,1,0,1,0,0,0,0,0,0,0,0,0,0,0,0,0,0,0,0,0
zit meestal overvol,most of the time is filled completely,5,0,0,0,0,1,0,0,0,0,0,0,0,0,0,0,0,0,1,0,0,0,0,0,0,0,1,1,0,0,0
zweeft,floats,6,0,0,0,0,0,0,0,0,0,0,0,1,1,0,0,0,1,0,0,0,0,0,0,0,0,0,0,1,0,1
,,,,,,,,,,,,,,,,,,,,,,,,,,,,,,,,
,,,,,,,,,,,,,,,,,,,,,,,,,,,,,,,,
,,,,,,,,,,,,,,,,,,,,,,,,,,,,,,,,
