,exemplar ENGLISH,aardappel,ajuin,asperges,aubergine,augurken,biet,bloemkool,bonen,champignons,courgette,erwten,kervel,komkommer,look,ma�s,paprika,peterselie,prei,radijs,rode kool,schorseneren,selder,sla,spinazie,spruiten,tomaat,waterkers,witloof,witte kool,wortel
exemplar DUTCH,,potato,onions,asparagus,eggplant,gherkins,beet,cauliflower,beans,mushrooms,zucchini,peas,chervil,cucumber,garlic,corn,pepper,parsley,leek,radish,red cabbage,black salsify,celery,lettuce,spinach,Brussels sprouts,tomato,water cress,endive,white cabbage,carrot
aardappel,potato,0,7,4,11,5,10,4,2,4,6,3,2,6,3,8,8,2,4,5,9,-1,4,4,11,8,12,1,3,6,3
ajuin,onions,0,0,4,4,3,5,4,2,2,5,3,2,7,17,4,4,3,2,6,4,-1,4,7,3,6,16,3,5,5,4
asperges,asparagus,0,0,0,8,11,5,4,15,2,14,4,4,12,3,6,2,3,13,4,2,-1,4,4,3,2,4,13,7,3,9
aubergine,eggplant,0,0,0,0,7,6,5,4,1,7,4,3,17,4,5,5,2,2,6,2,-1,1,4,4,5,4,3,6,5,4
augurken,gherkins,0,0,0,0,0,5,5,14,5,12,9,5,15,6,4,3,4,6,6,4,-1,5,4,6,7,4,4,5,3,7
biet,beet,0,0,0,0,0,0,15,4,1,6,3,1,5,3,5,5,3,5,12,13,-1,2,4,3,7,9,2,6,14,4
bloemkool,cauliflower,0,0,0,0,0,0,0,4,2,1,2,4,4,2,5,6,3,4,4,14,-1,5,5,9,6,4,1,4,15,3
bonen,beans,0,0,0,0,0,0,0,0,4,14,16,2,10,4,10,4,3,6,4,5,-1,6,5,6,4,4,3,4,3,6
champignons,mushrooms,0,0,0,0,0,0,0,0,0,2,7,2,3,5,3,2,2,2,4,4,-1,2,3,6,3,2,2,2,1,2
courgette,zucchini,0,0,0,0,0,0,0,0,0,0,4,2,17,5,4,5,3,11,5,5,-1,5,2,2,4,5,3,4,5,6
erwten,peas,0,0,0,0,0,0,0,0,0,0,0,5,4,4,18,4,4,5,6,4,-1,3,4,6,12,2,6,2,3,4
kervel,chervil,0,0,0,0,0,0,0,0,0,0,0,0,6,3,4,3,15,5,4,2,-1,13,5,6,4,7,6,2,3,5
komkommer,cucumber,0,0,0,0,0,0,0,0,0,0,0,0,0,3,2,4,5,11,2,4,-1,11,3,3,4,4,4,5,13,7
look,garlic,0,0,0,0,0,0,0,0,0,0,0,0,0,0,4,4,3,3,4,5,-1,2,3,3,4,6,4,4,6,3
ma�s,corn,0,0,0,0,0,0,0,0,0,0,0,0,0,0,0,6,4,4,5,2,-1,6,3,6,2,4,2,5,5,5
paprika,pepper,0,0,0,0,0,0,0,0,0,0,0,0,0,0,0,0,3,15,6,7,-1,7,6,4,3,9,3,5,4,4
peterselie,parsley,0,0,0,0,0,0,0,0,0,0,0,0,0,0,0,0,0,4,4,2,-1,7,13,5,6,2,17,4,4,4
prei,leek,0,0,0,0,0,0,0,0,0,0,0,0,0,0,0,0,0,0,4,2,-1,7,5,6,4,4,8,4,2,6
radijs,radish,0,0,0,0,0,0,0,0,0,0,0,0,0,0,0,0,0,0,0,5,-1,8,6,6,6,7,4,11,4,6
rode kool,red cabbage,0,0,0,0,0,0,0,0,0,0,0,0,0,0,0,0,0,0,0,0,-1,2,15,15,8,15,4,3,18,4
schorseneren,black salsify,0,0,0,0,0,0,0,0,0,0,0,0,0,0,0,0,0,0,0,0,0,-1,-1,-1,-1,-1,-1,-1,-1,-1
selder,celery,0,0,0,0,0,0,0,0,0,0,0,0,0,0,0,0,0,0,0,0,0,0,5,7,5,3,2,6,4,5
sla,lettuce,0,0,0,0,0,0,0,0,0,0,0,0,0,0,0,0,0,0,0,0,0,0,0,5,5,5,2,7,7,5
spinazie,spinach,0,0,0,0,0,0,0,0,0,0,0,0,0,0,0,0,0,0,0,0,0,0,0,0,4,4,2,4,6,3
spruiten,Brussels sprouts,0,0,0,0,0,0,0,0,0,0,0,0,0,0,0,0,0,0,0,0,0,0,0,0,0,5,2,6,7,4
tomaat,tomato,0,0,0,0,0,0,0,0,0,0,0,0,0,0,0,0,0,0,0,0,0,0,0,0,0,0,3,4,5,3
waterkers,water cress,0,0,0,0,0,0,0,0,0,0,0,0,0,0,0,0,0,0,0,0,0,0,0,0,0,0,0,4,3,2
witloof,endive,0,0,0,0,0,0,0,0,0,0,0,0,0,0,0,0,0,0,0,0,0,0,0,0,0,0,0,0,4,2
witte kool,white cabbage,0,0,0,0,0,0,0,0,0,0,0,0,0,0,0,0,0,0,0,0,0,0,0,0,0,0,0,0,0,2
wortel,carrot,0,0,0,0,0,0,0,0,0,0,0,0,0,0,0,0,0,0,0,0,0,0,0,0,0,0,0,0,0,0
