,feature/ exemplar ENGLISH,,red currant,strawberry,apricot,pineapple,apple,banana,blueberry,blackberry,lemon,mandarine,dates,grape,raspberry,cherry,kiwi,coconut,lime,lychee,mango,melon,nectarine,papaya,passion fruit,pear,peach,grapefruit,pumpkin,plum,orange,fig
feature / exemplar DUTCH,,freq,aalbes,aardbei,abrikoos,ananas,appel,banaan,bosbes,braambessen,citroen,clementine,dadels,druif,framboos,kers,kiwi,kokosnoot,limoen,lychee,mango,meloen,nectarine,papaya,passievrucht,peer,perzik,pompelmoes,pompoen,pruim,sinaasappel,vijg
als tussendoortje,as a snack,4,1,0,0,0,1,0,1,0,0,1,0,1,0,1,0,0,1,0,1,1,1,0,1,0,1,1,1,1,1,0
bestaat in verschillende kleuren,comes in different colours,9,0,0,0,0,0,0,0,0,0,0,0,0,0,1,0,0,0,0,0,0,0,0,0,1,0,0,0,0,0,0
bestaat in verschillende soorten,exists in different kinds,7,0,0,0,1,1,1,0,0,0,0,0,0,0,0,0,0,0,0,0,0,0,0,0,0,0,0,0,0,0,0
bevat pitten,contains seeds,7,0,0,0,1,1,1,0,0,0,0,0,1,0,1,1,0,0,0,0,0,0,0,0,1,0,1,0,0,1,0
bevat veel vitaminen,contains vitamines,15,0,0,0,0,0,0,0,0,0,1,0,0,0,0,0,0,0,0,0,0,0,0,0,0,0,0,0,0,0,0
eetbaar,edible,10,1,0,0,0,0,0,1,0,1,1,0,1,0,1,1,0,1,1,0,1,1,0,1,0,1,1,1,1,1,0
gezond,healthy,20,0,0,0,0,0,1,0,0,0,0,1,1,0,0,0,0,0,0,0,0,0,0,0,0,0,0,0,0,0,1
groeit aan bomen,grows on trees,11,1,0,1,1,1,1,1,1,0,1,1,1,1,1,1,1,0,1,1,1,1,1,1,1,1,1,0,1,1,1
groeit aan een plant,grows on a plant,3,0,0,0,0,1,0,0,0,0,0,0,0,0,0,0,1,0,0,1,0,1,1,0,1,1,0,1,1,0,0
groeit aan een struik,grows on a bush,6,0,0,0,1,0,1,0,0,1,1,0,0,0,0,0,1,1,1,0,1,0,0,1,0,0,1,1,0,1,0
groeit in de natuur,grows in the countryside,3,0,0,0,0,0,0,0,0,0,0,0,1,0,0,0,1,0,1,0,0,0,0,0,0,0,0,0,0,0,0
heeft een schil,has a peel,6,0,0,1,0,0,0,0,0,0,0,0,0,0,0,1,1,0,0,0,0,0,0,0,0,1,0,0,0,0,0
heeft veel zon nodig om te groeien,needs a lot of sun to grow,2,0,0,0,0,1,0,0,0,0,0,0,1,0,1,0,0,0,1,1,0,1,1,0,1,1,0,1,1,0,0
is duur,is expensive,2,1,1,1,1,1,1,1,1,1,1,1,1,1,1,1,1,1,1,1,1,1,1,1,1,1,1,1,1,1,1
is een vrucht,fruit (in dutch: vrucht),4,1,1,1,1,1,1,1,1,1,1,0,1,1,1,1,0,1,1,1,1,1,1,1,1,1,1,1,1,1,0
is rond,is round,2,0,1,0,0,0,0,0,1,0,0,0,0,1,0,1,1,0,0,0,0,0,0,0,0,0,0,0,0,0,0
is sappig,is juicy,8,0,0,0,0,1,0,0,0,0,0,0,1,0,0,1,0,0,0,0,1,0,0,0,0,0,1,0,1,0,0
is seizoensafhankelijk,is seasonal,2,0,1,0,0,0,1,0,0,1,1,0,0,0,0,0,0,1,0,0,0,0,0,0,0,0,1,0,0,1,0
is zacht,is soft,2,0,0,0,1,1,1,0,0,0,0,0,1,0,0,0,0,0,0,0,1,0,0,0,1,0,0,0,0,0,0
kleurrijk,colourful,3,0,0,0,0,0,0,0,0,0,0,0,0,0,0,0,1,0,0,0,0,0,0,0,0,0,0,0,0,0,0
lekker,tasty,14,1,0,0,1,1,0,1,1,1,1,0,0,1,0,0,0,1,0,0,0,0,0,0,0,0,0,0,0,1,0
ruikt lekker,smells nice,3,1,1,1,1,1,1,1,1,1,1,1,1,1,1,1,1,1,1,1,1,1,1,1,1,1,1,1,1,1,1
smaakt fris,tastes fresh,2,1,1,0,0,0,0,1,1,0,0,1,1,1,0,0,0,0,0,0,0,0,0,0,0,0,0,0,0,0,0
wordt gebruikt in een fruitsalade,used for making fruitsalad,2,0,0,0,1,0,1,0,0,0,0,1,0,0,0,0,1,0,1,1,0,0,1,1,0,0,0,0,0,0,0
wordt gekweekt,is grown,4,0,0,0,0,0,1,0,0,0,0,0,0,0,0,0,0,0,0,0,0,0,0,0,0,0,0,0,0,0,0
wordt na een tijdje rot,rots after a while,6,0,1,0,1,0,0,0,0,0,0,0,0,0,0,1,1,0,0,0,0,0,0,0,0,0,0,0,0,0,0
wordt veel gebruikt bij desserts,often used for deserts,5,0,0,0,1,1,0,0,0,0,0,0,0,0,0,0,1,0,0,0,0,0,0,0,0,0,1,0,0,1,0
zoete smaak,sweet taste,9,0,0,0,0,0,1,0,0,0,0,0,0,0,0,0,0,0,0,0,0,0,0,0,0,0,0,0,0,0,0
heeft een felle kleur,has a bright colour,2,1,1,1,1,1,1,0,0,1,1,0,0,1,1,1,0,1,0,1,1,1,1,0,0,1,0,1,0,1,0
kan je in de supermarkt kopen,can be bought at the supermarket,2,0,1,1,1,1,1,0,0,1,1,1,1,1,1,1,0,1,1,1,1,1,0,0,1,1,1,1,1,1,1
kan verschillende vormen hebben,comes in different shapes,5,0,0,0,0,0,0,0,0,0,0,0,0,0,0,0,0,0,0,0,1,0,0,0,1,0,0,0,0,0,1
rijpt,ripens,5,1,1,1,1,1,1,1,1,1,1,0,1,1,1,1,0,1,1,1,1,1,1,1,1,1,1,1,1,1,0
