,feature/ exemplar ENGLISH,,eagle,dove,duck,magpie,pheasant,vulture,rooster,turkey,canary,chicken,cuckoo,crow,chickadee,seagull,blackbird,sparrow,stork,parrot,parakeet,peacock,pelican,penguin,heron,robin,woodpecker,ostrich,owl,falcon,swan,swallow
feature / exemplar DUTCH,,freq,arend,duif,eend,ekster,fazant,gier,haan,kalkoen,kanarie,kip,koekoek,kraai,mees,meeuw,merel,mus,ooievaar,papegaai,parkiet,pauw,pelikaan,pingu�n,reiger,roodborstje,specht,struisvogel,uil,valk,zwaan,zwaluw
bouwt nesten,builds nests,16,1,1,1,1,1,1,0,1,1,1,1,1,1,1,1,1,1,1,1,1,1,1,1,1,1,1,1,1,1,1
eet kleine dieren,eats small animals,2,1,0,0,0,0,1,0,0,0,0,0,0,0,0,0,0,0,0,0,0,0,0,0,0,0,0,1,1,0,0
eet wormen,eats worms,8,0,0,0,1,1,0,1,0,0,1,1,1,0,0,1,0,0,0,0,1,0,0,0,0,1,0,0,0,0,0
fluit,sings (whistles),7,0,0,0,0,0,0,0,0,1,0,0,0,0,0,1,0,0,0,0,0,0,0,0,0,0,0,0,0,0,0
heeft een snavel,has a bill,15,1,1,1,1,1,1,1,1,1,1,1,1,1,1,1,1,1,1,1,1,1,1,1,1,1,1,1,1,1,1
heeft twee poten,has two paws,3,1,1,1,1,1,1,1,1,1,1,1,1,1,1,1,1,1,1,1,1,1,1,1,1,1,1,1,1,1,1
heeft veren,has feathers,20,1,1,1,1,1,1,1,1,1,1,1,1,1,1,1,1,1,1,1,1,1,1,1,1,1,1,1,1,1,1
heeft vleugels,has wings,9,1,1,1,1,1,1,1,1,1,1,1,1,1,1,1,1,1,1,1,1,1,1,1,1,1,1,1,1,1,1
in kooi,lives in a cage,2,0,0,0,0,0,0,0,0,1,0,0,0,0,0,0,0,0,1,1,0,0,0,0,0,0,0,0,0,0,0
is een dier,is an animal,3,1,1,1,1,1,1,1,1,1,1,1,1,1,1,1,1,1,1,1,1,1,1,1,1,1,1,1,1,1,1
is een trekvogel,is a migratory bird,4,0,0,1,0,0,0,0,0,0,0,0,0,0,0,0,0,1,0,0,0,0,0,1,0,0,0,0,0,1,1
kan vliegen,can fly,20,1,1,1,1,1,1,0,0,1,0,1,1,1,1,1,1,1,1,1,0,1,0,1,1,1,0,1,1,1,1
kraait 's morgens, in the morning,2,0,0,0,0,0,0,1,0,0,0,0,0,0,0,0,0,0,0,0,0,0,0,0,0,0,0,0,0,0,0
kraaloogjes,has beady eyes,2,0,0,0,1,0,0,0,0,0,0,0,1,0,0,1,0,0,0,0,0,0,0,0,0,0,0,0,0,0,0
leeft in het wild,lives in the wild,3,1,1,1,1,1,1,0,1,1,0,1,1,1,1,1,1,1,1,1,1,1,1,1,1,1,1,1,1,1,0
legt eieren,lays eggs,20,1,1,1,1,1,1,0,1,1,1,1,1,1,1,1,1,1,1,1,1,1,1,1,1,1,1,1,1,1,0
tsjilpt,chirps,6,0,0,0,0,0,0,0,0,1,0,0,0,1,0,0,1,0,0,0,0,0,0,0,1,0,0,0,0,0,0
zingt,sings,3,0,0,0,0,0,0,0,0,1,0,0,0,0,0,1,0,0,0,0,0,0,0,0,0,0,0,0,0,0,1
fladdert,flutters,2,1,1,1,1,0,1,0,0,1,0,1,1,1,1,1,1,1,1,1,0,1,0,1,1,1,0,1,1,1,1
heeft een bek,has a beak,6,1,1,1,1,1,1,1,1,1,1,1,1,1,1,1,1,1,1,1,1,1,1,1,1,1,1,1,1,1,1
heeft luchtzakken,has air sacs,3,0,0,0,0,0,0,0,0,0,0,0,0,0,0,0,0,0,0,0,0,0,0,0,0,0,0,0,0,0,0
heeft poten,has legs,3,1,1,1,1,1,1,1,1,1,1,1,1,1,1,1,1,1,1,1,1,1,1,1,1,1,1,1,1,1,1
heeft twee vleugels,has two wings,3,1,1,1,1,1,1,1,1,1,1,1,1,1,1,1,1,1,1,1,1,1,1,1,1,1,1,1,1,1,1
kan lopen,can walk,2,1,1,1,1,1,1,1,1,1,1,1,1,1,1,1,1,1,1,1,1,1,1,1,1,1,1,1,1,1,1
kan zich voortplanten,is able to reproduce,4,1,1,1,1,1,1,1,1,1,1,1,1,1,1,1,1,1,1,1,1,1,1,1,1,1,1,1,1,1,1
vind je in bomen,is found in trees,5,0,1,0,1,0,0,0,0,1,0,1,1,1,0,1,1,1,1,1,0,1,0,1,1,1,0,1,1,0,0
wordt soms als huisdier gehouden,is sometimes kept as a pet,2,0,1,1,0,0,0,1,1,1,1,0,0,1,0,1,0,1,1,1,1,0,0,0,0,0,0,0,0,0,0
wordt soms door mensen gegeten,is sometimes eaten by man,2,0,1,1,0,1,0,1,1,0,1,0,0,0,0,0,0,0,0,0,0,0,0,0,0,0,1,0,0,0,0
